time,temperature_2m,precipitation(mm),rain(mm),surface_pressure(hPa),wind_speed_10m(km/h),temperature_80m,relative_humidity_2m
2025-06-03T02:00,24.7,0.00,0.00,1010.9,9.3,23.0,78
2025-06-03T03:00,24.1,0.00,0.00,1011.5,9.2,22.5,80
2025-06-03T04:00,23.6,0.00,0.00,1011.6,8.9,22.1,82
2025-06-03T05:00,23.1,0.00,0.00,1011.6,7.6,21.8,84
2025-06-03T06:00,22.7,0.00,0.00,1011.0,7.8,21.4,84
2025-06-03T07:00,22.4,0.00,0.00,1010.4,7.1,21.2,86
2025-06-03T08:00,22.1,0.00,0.00,1010.0,6.5,21.0,87
2025-06-03T09:00,21.9,0.00,0.00,1009.7,6.5,20.8,89
2025-06-03T10:00,21.8,0.00,0.00,1009.9,6.6,20.7,89
2025-06-03T11:00,21.6,0.00,0.00,1010.4,6.1,20.6,90
2025-06-03T12:00,22.1,0.00,0.00,1010.9,6.1,20.6,87
2025-06-03T13:00,23.6,0.00,0.00,1011.8,6.6,21.7,80
2025-06-03T14:00,25.4,0.00,0.00,1012.1,7.0,23.2,72
2025-06-03T15:00,27.3,0.00,0.00,1011.7,6.1,24.6,65
2025-06-03T16:00,28.7,0.00,0.00,1010.9,6.2,25.9,61
2025-06-03T17:00,29.7,0.00,0.00,1009.8,5.4,27.0,58
2025-06-03T18:00,28.5,0.00,0.00,1009.0,7.0,27.0,63
2025-06-03T19:00,28.9,0.00,0.00,1008.1,5.9,27.5,62
2025-06-03T20:00,28.6,0.00,0.00,1007.4,4.6,27.8,63
2025-06-03T21:00,29.2,0.00,0.00,1007.4,2.7,27.9,60
2025-06-03T22:00,28.8,0.00,0.00,1007.8,2.9,27.3,63
2025-06-03T23:00,27.0,0.10,0.00,1008.7,9.1,25.8,71
2025-06-04T00:00,25.7,0.00,0.00,1009.4,10.1,24.7,75
2025-06-04T01:00,25.2,0.00,0.00,1010.0,8.4,23.8,76
2025-06-04T02:00,24.6,0.00,0.00,1010.6,8.7,22.8,77
2025-06-04T03:00,23.7,0.00,0.00,1011.0,8.6,22.2,80
2025-06-04T04:00,23.0,0.00,0.00,1010.8,9.3,21.7,83
2025-06-04T05:00,22.6,0.00,0.00,1010.7,8.0,21.4,85
2025-06-04T06:00,22.2,0.00,0.00,1010.1,7.9,21.2,88
2025-06-04T07:00,22.0,0.00,0.00,1009.6,6.9,21.2,89
2025-06-04T08:00,21.9,0.00,0.00,1009.3,6.1,21.3,89
2025-06-04T09:00,21.9,0.00,0.00,1009.2,6.6,21.6,89
2025-06-04T10:00,22.2,0.00,0.00,1009.4,5.7,21.8,87
2025-06-04T11:00,22.3,0.00,0.00,1009.9,5.3,21.9,85
2025-06-04T12:00,22.8,0.00,0.00,1010.4,4.7,22.0,84
2025-06-04T13:00,24.0,0.00,0.00,1010.8,6.0,22.4,78
2025-06-04T14:00,25.6,0.00,0.00,1011.0,5.2,23.2,72
2025-06-04T15:00,27.3,0.00,0.00,1010.9,5.0,24.5,66
2025-06-04T16:00,29.2,0.00,0.00,1010.1,5.1,26.1,60
2025-06-04T17:00,31.1,0.00,0.00,1009.2,4.5,27.5,54
2025-06-04T18:00,31.3,0.00,0.00,1008.5,5.2,28.1,53
2025-06-04T19:00,30.4,0.00,0.00,1007.6,5.0,28.5,55
2025-06-04T20:00,29.1,0.00,0.00,1007.1,5.4,27.7,61
2025-06-04T21:00,27.9,0.10,0.10,1006.8,8.2,27.1,67
2025-06-04T22:00,27.6,0.00,0.00,1007.0,6.1,27.3,68
2025-06-04T23:00,27.3,0.00,0.00,1007.6,4.7,26.7,68
2025-06-05T00:00,25.7,0.00,0.00,1008.7,10.0,23.7,75
2025-06-05T01:00,24.0,0.00,0.00,1009.8,11.0,22.1,80
2025-06-05T02:00,23.1,0.00,0.00,1010.7,8.5,21.5,84
2025-06-05T03:00,22.7,0.00,0.00,1011.3,7.9,21.2,85
2025-06-05T04:00,22.3,0.00,0.00,1011.3,8.4,21.1,86
2025-06-05T05:00,22.2,0.00,0.00,1011.3,8.4,21.3,86
2025-06-05T06:00,22.3,0.00,0.00,1010.7,7.4,21.6,85
2025-06-05T07:00,22.4,0.00,0.00,1010.0,6.9,21.5,84
2025-06-05T08:00,22.4,0.00,0.00,1009.8,6.4,21.5,84
2025-06-05T09:00,22.4,0.00,0.00,1009.8,6.2,21.4,84
2025-06-05T10:00,22.5,0.00,0.00,1009.8,5.6,21.4,83
2025-06-05T11:00,22.4,0.00,0.00,1010.0,5.1,21.4,83
2025-06-05T12:00,22.5,0.00,0.00,1010.1,4.8,21.4,83
2025-06-05T13:00,23.8,0.00,0.00,1010.6,3.9,22.1,78
2025-06-05T14:00,25.8,0.00,0.00,1010.9,3.2,23.4,71
2025-06-05T15:00,27.9,0.00,0.00,1010.5,2.2,24.7,64
2025-06-05T16:00,29.7,0.00,0.00,1009.4,3.1,26.1,59
2025-06-05T17:00,30.4,0.00,0.00,1008.2,6.3,27.4,56
2025-06-05T18:00,31.1,0.00,0.00,1007.2,7.8,28.5,55
2025-06-05T19:00,31.6,0.00,0.00,1006.2,8.7,29.3,53
2025-06-05T20:00,31.5,0.00,0.00,1005.7,10.1,29.7,54
2025-06-05T21:00,31.0,0.00,0.00,1005.7,9.7,29.5,55
2025-06-05T22:00,30.1,0.00,0.00,1006.4,4.1,28.4,59
2025-06-05T23:00,27.9,0.00,0.00,1007.4,6.2,26.1,69
2025-06-06T00:00,26.4,0.00,0.00,1008.2,10.1,24.9,73
2025-06-06T01:00,25.6,0.00,0.00,1009.3,11.1,23.6,75
2025-06-06T02:00,24.9,0.00,0.00,1010.2,11.5,22.6,78
2025-06-06T03:00,23.9,0.00,0.00,1010.8,12.2,22.2,81
2025-06-06T04:00,23.5,0.00,0.00,1011.1,11.0,22.1,81
2025-06-06T05:00,23.3,0.00,0.00,1011.2,10.3,21.9,82
2025-06-06T06:00,23.1,0.00,0.00,1010.5,10.0,21.8,84
2025-06-06T07:00,23.0,0.00,0.00,1010.1,9.2,21.7,84
2025-06-06T08:00,22.9,0.00,0.00,1009.8,9.3,21.6,84
2025-06-06T09:00,22.7,0.00,0.00,1009.8,8.2,21.4,84
2025-06-06T10:00,22.6,0.00,0.00,1010.3,7.5,21.3,84
2025-06-06T11:00,22.5,0.00,0.00,1010.9,7.5,21.3,83
2025-06-06T12:00,22.6,0.00,0.00,1011.3,6.9,21.3,83
2025-06-06T13:00,22.9,0.00,0.00,1012.0,5.8,21.5,82
2025-06-06T14:00,23.3,0.00,0.00,1012.3,4.8,22.0,80
2025-06-06T15:00,24.5,0.00,0.00,1012.1,4.8,22.9,76
2025-06-06T16:00,25.6,0.00,0.00,1011.3,3.9,24.0,73
2025-06-06T17:00,26.4,0.00,0.00,1010.2,1.3,24.9,70
2025-06-06T18:00,27.9,0.00,0.00,1009.2,1.1,26.0,65
2025-06-06T19:00,29.0,0.00,0.00,1008.1,1.1,26.6,60
2025-06-06T20:00,28.7,0.00,0.00,1007.4,0.8,26.9,61
2025-06-06T21:00,28.3,0.00,0.00,1007.2,0.4,27.0,62
2025-06-06T22:00,28.0,0.00,0.00,1007.5,2.7,27.1,65
2025-06-06T23:00,27.2,0.00,0.00,1007.9,4.0,26.7,68
2025-06-07T00:00,26.4,0.00,0.00,1008.6,4.8,25.3,73
2025-06-07T01:00,25.7,0.00,0.00,1009.4,6.5,23.9,76
2025-06-07T02:00,24.2,0.00,0.00,1009.8,6.9,22.9,81
2025-06-07T03:00,23.5,0.00,0.00,1010.3,5.9,22.6,83
2025-06-07T04:00,23.2,0.00,0.00,1010.1,4.8,22.5,84
2025-06-07T05:00,23.2,0.00,0.00,1009.9,3.6,22.5,84
2025-06-07T06:00,23.0,0.00,0.00,1009.3,3.4,22.3,83
2025-06-07T07:00,22.7,0.00,0.00,1009.1,2.8,22.2,84
2025-06-07T08:00,22.5,0.00,0.00,1008.9,3.4,22.1,85
2025-06-07T09:00,22.3,0.00,0.00,1009.1,4.0,21.9,86
2025-06-07T10:00,22.1,0.00,0.00,1009.6,3.5,21.8,87
2025-06-07T11:00,22.0,0.00,0.00,1009.7,3.8,21.7,87
2025-06-07T12:00,22.6,0.00,0.00,1010.0,3.6,21.8,85
2025-06-07T13:00,24.5,0.00,0.00,1010.9,4.5,22.9,76
2025-06-07T14:00,26.5,0.00,0.00,1011.2,4.8,24.3,69
2025-06-07T15:00,28.4,0.00,0.00,1011.1,5.5,25.8,63
2025-06-07T16:00,30.2,0.00,0.00,1010.4,5.2,27.2,57
2025-06-07T17:00,31.7,0.00,0.00,1009.3,5.6,28.5,53
2025-06-07T18:00,32.6,0.00,0.00,1007.9,7.3,29.8,49
2025-06-07T19:00,32.7,0.00,0.00,1006.8,8.3,30.6,48
2025-06-07T20:00,31.8,0.00,0.00,1005.8,8.4,30.7,51
2025-06-07T21:00,30.5,0.00,0.00,1005.7,8.8,29.7,57
2025-06-07T22:00,28.6,0.00,0.00,1006.2,9.8,28.0,64
2025-06-07T23:00,27.6,0.00,0.00,1007.1,8.2,27.0,66
2025-06-08T00:00,26.9,0.00,0.00,1007.9,7.9,25.8,68
2025-06-08T01:00,26.1,0.00,0.00,1008.7,8.9,24.4,71
2025-06-08T02:00,25.3,0.00,0.00,1009.6,9.7,23.2,74
2025-06-08T03:00,24.4,0.00,0.00,1010.1,10.2,22.4,78
2025-06-08T04:00,23.7,0.00,0.00,1010.4,8.9,22.0,81
2025-06-08T05:00,23.4,0.00,0.00,1010.4,7.7,21.9,83
2025-06-08T06:00,22.9,0.00,0.00,1010.1,7.7,21.6,84
2025-06-08T07:00,22.5,0.00,0.00,1009.8,6.9,21.4,86
2025-06-08T08:00,22.2,0.00,0.00,1009.5,6.9,21.0,87
2025-06-08T09:00,22.0,0.00,0.00,1009.4,6.4,20.9,87
2025-06-08T10:00,21.8,0.00,0.00,1009.7,6.1,21.0,87
2025-06-08T11:00,21.6,0.00,0.00,1010.1,5.6,21.0,87
2025-06-08T12:00,22.2,0.00,0.00,1010.3,4.6,21.1,85
2025-06-08T13:00,24.0,0.00,0.00,1010.9,4.6,22.2,76
2025-06-08T14:00,26.2,0.00,0.00,1011.0,3.8,23.7,68
2025-06-08T15:00,28.6,0.00,0.00,1010.9,2.3,25.4,60
2025-06-08T16:00,30.7,0.00,0.00,1010.1,1.8,26.9,54
2025-06-08T17:00,32.3,0.00,0.00,1009.2,3.4,28.4,49
2025-06-08T18:00,33.2,0.00,0.00,1008.2,4.3,29.6,47
2025-06-08T19:00,33.8,0.00,0.00,1006.9,4.7,30.6,45
2025-06-08T20:00,33.9,0.00,0.00,1006.1,4.8,31.3,44
2025-06-08T21:00,33.2,0.00,0.00,1005.9,5.3,30.8,46
2025-06-08T22:00,30.4,0.00,0.00,1006.5,8.4,28.3,57
2025-06-08T23:00,27.7,0.20,0.00,1007.5,9.6,26.6,67
2025-06-09T00:00,25.5,0.90,0.00,1008.3,7.4,25.0,81
2025-06-09T01:00,24.5,0.70,0.00,1009.0,8.0,24.0,85
2025-06-09T02:00,24.1,0.30,0.00,1010.0,6.8,23.2,85
2025-06-09T03:00,23.6,0.00,0.00,1010.3,8.7,22.5,86
2025-06-09T04:00,23.1,0.00,0.00,1010.6,9.2,21.9,86
2025-06-09T05:00,22.6,0.00,0.00,1010.6,7.4,21.4,88
2025-06-09T06:00,22.1,0.00,0.00,1010.1,6.6,21.1,90
2025-06-09T07:00,21.9,0.00,0.00,1009.7,6.6,21.0,91
2025-06-09T08:00,21.8,0.00,0.00,1009.5,6.1,20.9,91
2025-06-09T09:00,21.6,0.00,0.00,1009.5,5.6,20.9,92
2025-06-09T10:00,21.5,0.00,0.00,1009.6,5.4,20.8,91
2025-06-09T11:00,21.5,0.00,0.00,1009.9,4.6,20.8,91
2025-06-09T12:00,21.9,0.00,0.00,1010.3,4.1,20.9,89
2025-06-09T13:00,23.4,0.00,0.00,1011.0,4.8,21.8,83
2025-06-09T14:00,25.4,0.00,0.00,1011.3,4.4,23.1,75
2025-06-09T15:00,27.9,0.00,0.00,1011.2,2.6,24.7,65
2025-06-09T16:00,30.1,0.00,0.00,1010.4,3.1,26.4,58
2025-06-09T17:00,31.6,0.00,0.00,1009.4,3.4,27.7,54
2025-06-09T18:00,31.2,0.00,0.00,1008.4,5.1,28.1,56
2025-06-09T19:00,30.1,0.00,0.00,1007.4,5.8,28.2,59
2025-06-09T20:00,29.2,0.00,0.00,1006.8,3.7,27.8,64
2025-06-09T21:00,28.0,0.10,0.00,1007.1,7.0,25.6,70
2025-06-09T22:00,25.3,0.10,0.00,1007.9,15.5,23.8,76
2025-06-09T23:00,24.7,0.00,0.00,1009.0,12.2,23.9,77
2025-06-10T00:00,24.4,0.00,0.00,1010.2,14.5,22.9,78
2025-06-10T01:00,23.6,0.00,0.00,1011.1,12.7,22.0,79
2025-06-10T02:00,23.2,0.00,0.00,1012.0,10.9,21.6,80
2025-06-10T03:00,22.9,0.00,0.00,1012.6,9.4,21.3,81
2025-06-10T04:00,22.6,0.00,0.00,1012.9,8.1,21.2,82
2025-06-10T05:00,22.4,0.00,0.00,1012.8,7.1,21.1,84
2025-06-10T06:00,22.3,0.10,0.10,1012.3,6.6,21.1,85
2025-06-10T07:00,22.1,0.10,0.10,1012.0,6.1,21.0,87
2025-06-10T08:00,22.0,0.20,0.20,1011.7,5.9,21.0,89
2025-06-10T09:00,21.9,0.30,0.20,1011.8,5.5,20.9,90
2025-06-10T10:00,21.9,0.10,0.10,1012.3,4.9,21.0,90
2025-06-10T11:00,22.0,0.00,0.00,1012.7,5.4,21.0,89
2025-06-10T12:00,22.0,0.00,0.00,1013.3,5.5,21.0,87
2025-06-10T13:00,22.2,0.00,0.00,1014.0,5.1,21.2,86
2025-06-10T14:00,23.3,0.00,0.00,1014.5,5.5,22.0,80
2025-06-10T15:00,24.3,0.00,0.00,1014.4,4.9,22.8,76
2025-06-10T16:00,25.0,0.00,0.00,1013.7,5.4,23.5,74
2025-06-10T17:00,27.1,0.00,0.00,1012.5,6.2,24.7,66
2025-06-10T18:00,28.6,0.00,0.00,1011.2,6.1,26.2,61
2025-06-10T19:00,29.0,0.00,0.00,1010.2,5.9,26.7,59
2025-06-10T20:00,28.3,0.00,0.00,1009.8,5.0,26.7,61
2025-06-10T21:00,27.6,0.00,0.00,1009.8,8.0,25.9,65
2025-06-10T22:00,26.4,0.00,0.00,1010.1,9.9,24.8,69
2025-06-10T23:00,25.4,0.00,0.00,1010.8,8.1,24.5,73
2025-06-11T00:00,25.2,0.00,0.00,1011.4,4.4,24.3,75
2025-06-11T01:00,24.9,0.00,0.00,1012.3,5.0,23.9,76
2025-06-11T02:00,24.6,0.00,0.00,1012.9,5.6,23.3,78
2025-06-11T03:00,24.3,0.00,0.00,1013.2,5.9,23.0,80
2025-06-11T04:00,24.0,0.00,0.00,1013.1,5.4,22.9,80
2025-06-11T05:00,23.8,0.00,0.00,1012.9,4.9,22.8,81
2025-06-11T06:00,23.5,0.00,0.00,1012.0,4.5,22.5,82
2025-06-11T07:00,23.3,0.00,0.00,1011.7,5.5,22.3,83
2025-06-11T08:00,23.1,0.00,0.00,1011.4,6.0,22.1,83
2025-06-11T09:00,22.8,0.00,0.00,1011.5,7.0,21.8,84
2025-06-11T10:00,22.7,0.00,0.00,1011.7,6.6,21.7,84
2025-06-11T11:00,22.6,0.00,0.00,1012.3,6.3,21.6,85
2025-06-11T12:00,22.7,0.00,0.00,1012.6,6.4,21.6,85
2025-06-11T13:00,23.2,0.00,0.00,1013.2,4.3,22.0,82
2025-06-11T14:00,24.4,0.00,0.00,1013.5,6.4,22.8,78
2025-06-11T15:00,25.6,0.00,0.00,1013.7,8.4,23.7,75
2025-06-11T16:00,26.6,0.00,0.00,1013.4,6.9,24.9,70
2025-06-11T17:00,27.4,0.00,0.00,1013.1,6.0,25.6,69
2025-06-11T18:00,28.4,0.00,0.00,1011.9,4.6,26.6,65
2025-06-11T19:00,29.0,0.00,0.00,1010.8,5.0,27.3,63
2025-06-11T20:00,29.2,0.00,0.00,1009.7,7.0,27.6,63
2025-06-11T21:00,28.6,0.00,0.00,1009.3,11.8,27.0,67
2025-06-11T22:00,27.5,0.00,0.00,1009.2,14.5,26.2,71
2025-06-11T23:00,26.3,0.00,0.00,1009.8,14.6,25.4,72
2025-06-12T00:00,24.9,0.00,0.00,1010.5,12.1,24.3,76
2025-06-12T01:00,24.1,0.00,0.00,1011.7,10.5,23.6,79
2025-06-12T02:00,23.6,0.00,0.00,1012.5,9.8,23.0,79
2025-06-12T03:00,23.2,0.00,0.00,1013.3,10.2,22.5,81
2025-06-12T04:00,22.8,0.00,0.00,1013.6,9.7,22.1,84
2025-06-12T05:00,22.5,0.00,0.00,1013.4,8.7,21.8,85
2025-06-12T06:00,22.3,0.00,0.00,1013.2,7.9,21.6,86
2025-06-12T07:00,22.1,0.00,0.00,1012.7,7.4,21.4,87
2025-06-12T08:00,22.0,0.30,0.00,1012.1,6.6,21.3,88
2025-06-12T09:00,22.0,0.30,0.00,1011.7,6.4,21.3,88
2025-06-12T10:00,21.9,0.00,0.00,1011.6,4.2,21.3,88
2025-06-12T11:00,21.8,0.00,0.00,1012.0,3.6,21.3,90
2025-06-12T12:00,22.2,0.00,0.00,1011.8,3.3,21.5,90
2025-06-12T13:00,22.8,0.00,0.00,1012.6,3.6,21.7,87
2025-06-12T14:00,24.1,0.00,0.00,1012.9,2.3,22.6,82
2025-06-12T15:00,25.6,0.00,0.00,1012.9,3.3,23.8,77
2025-06-12T16:00,26.9,0.00,0.00,1012.6,2.7,25.0,72
2025-06-12T17:00,28.0,0.00,0.00,1012.4,6.1,26.1,67
2025-06-12T18:00,29.1,0.00,0.00,1011.4,10.0,27.3,61
2025-06-12T19:00,29.2,0.00,0.00,1010.3,10.4,27.6,61
2025-06-12T20:00,29.2,0.00,0.00,1009.5,10.4,27.7,62
2025-06-12T21:00,28.6,0.10,0.00,1009.0,10.0,27.5,64
2025-06-12T22:00,27.7,0.10,0.00,1009.4,11.1,26.9,68
2025-06-12T23:00,26.8,0.00,0.00,1009.7,11.3,26.1,71
2025-06-13T00:00,25.9,0.00,0.00,1010.9,9.8,25.3,75
2025-06-13T01:00,25.2,0.00,0.00,1012.3,9.2,24.5,77
2025-06-13T02:00,24.5,0.30,0.00,1013.0,8.7,23.8,79
2025-06-13T03:00,23.9,0.00,0.00,1013.5,7.6,23.1,81
2025-06-13T04:00,23.5,0.00,0.00,1013.2,5.6,22.7,82
2025-06-13T05:00,23.3,0.10,0.00,1013.5,5.1,22.6,82
2025-06-13T06:00,23.1,0.20,0.00,1012.9,5.6,22.3,82
2025-06-13T07:00,23.0,0.00,0.00,1012.6,5.1,22.2,83
2025-06-13T08:00,22.8,0.00,0.00,1012.1,6.4,22.1,83
2025-06-13T09:00,22.7,0.00,0.00,1011.9,7.0,21.9,83
2025-06-13T10:00,22.6,0.00,0.00,1012.0,6.5,21.8,83
2025-06-13T11:00,22.4,0.00,0.00,1012.5,6.2,21.6,85
2025-06-13T12:00,22.4,0.00,0.00,1012.9,6.2,21.6,86
2025-06-13T13:00,22.9,0.00,0.00,1013.7,6.0,21.8,85
2025-06-13T14:00,23.7,0.00,0.00,1014.2,5.6,22.3,83
2025-06-13T15:00,24.8,0.00,0.00,1014.1,4.1,23.1,80
2025-06-13T16:00,26.3,0.00,0.00,1013.8,3.1,24.3,72
2025-06-13T17:00,27.5,0.00,0.00,1013.0,1.1,25.5,65
2025-06-13T18:00,28.9,0.00,0.00,1012.7,0.4,27.2,58
2025-06-13T19:00,29.7,0.00,0.00,1011.2,3.3,27.8,56
2025-06-13T20:00,29.9,0.00,0.00,1010.5,3.8,28.1,56
2025-06-13T21:00,29.7,0.00,0.00,1009.7,3.4,28.3,57
2025-06-13T22:00,29.4,0.00,0.00,1009.8,4.1,28.3,57
2025-06-13T23:00,28.5,0.00,0.00,1010.1,6.9,28.0,62
2025-06-14T00:00,26.5,0.00,0.00,1011.2,10.1,25.9,73
2025-06-14T01:00,25.2,0.00,0.00,1012.1,11.2,24.5,81
2025-06-14T02:00,24.7,0.00,0.00,1012.4,8.9,23.9,83
2025-06-14T03:00,24.3,0.00,0.00,1012.9,8.2,23.5,84
2025-06-14T04:00,23.9,0.00,0.00,1012.8,8.2,23.0,86
2025-06-14T05:00,23.5,0.00,0.00,1013.0,8.2,22.7,86
2025-06-14T06:00,23.1,0.00,0.00,1013.0,7.9,22.3,88
2025-06-14T07:00,22.9,0.00,0.00,1012.8,7.7,22.1,88
2025-06-14T08:00,22.8,0.00,0.00,1012.6,7.4,21.9,88
2025-06-14T09:00,22.6,0.00,0.00,1012.5,7.1,21.7,88
2025-06-14T10:00,22.5,0.00,0.00,1012.7,7.4,21.6,89
2025-06-14T11:00,22.4,0.00,0.00,1012.9,6.9,21.5,89
2025-06-14T12:00,22.6,0.00,0.00,1013.0,5.5,21.7,89
2025-06-14T13:00,22.9,0.00,0.00,1013.9,6.6,21.8,88
2025-06-14T14:00,23.0,0.00,0.00,1014.3,6.6,22.0,89
2025-06-14T15:00,23.3,0.50,0.50,1014.5,6.5,22.2,89
2025-06-14T16:00,23.9,0.00,0.00,1013.8,5.6,22.8,87
2025-06-14T17:00,24.5,0.00,0.00,1013.4,4.2,23.3,85
2025-06-14T18:00,26.2,0.00,0.00,1013.0,5.4,24.7,76
2025-06-14T19:00,26.4,0.00,0.00,1012.4,5.4,25.0,76
2025-06-14T20:00,26.6,0.00,0.00,1011.5,6.6,25.2,75
2025-06-14T21:00,26.8,0.00,0.00,1010.9,8.3,25.5,73
2025-06-14T22:00,26.3,0.00,0.00,1010.7,10.0,25.1,75
2025-06-14T23:00,25.2,0.00,0.00,1011.0,11.0,24.3,79
2025-06-15T00:00,24.8,0.00,0.00,1011.6,8.7,24.2,80
2025-06-15T01:00,24.4,0.00,0.00,1013.0,7.7,23.8,82
2025-06-15T02:00,24.1,0.00,0.00,1013.6,8.2,23.4,82
2025-06-15T03:00,23.8,0.00,0.00,1014.1,7.5,23.0,82
2025-06-15T04:00,23.5,0.00,0.00,1013.7,7.4,22.8,82
2025-06-15T05:00,23.3,0.10,0.00,1013.8,6.7,22.6,83
2025-06-15T06:00,23.1,0.00,0.00,1013.9,7.1,22.3,83
2025-06-15T07:00,22.8,0.00,0.00,1013.2,7.1,22.1,85
2025-06-15T08:00,22.7,0.00,0.00,1012.7,7.4,21.8,86
2025-06-15T09:00,22.5,0.00,0.00,1012.1,6.9,21.7,86
2025-06-15T10:00,22.5,0.00,0.00,1012.2,7.1,21.7,86
2025-06-15T11:00,22.5,0.00,0.00,1012.5,6.2,21.7,87
2025-06-15T12:00,22.7,0.00,0.00,1012.8,6.6,21.9,87
2025-06-15T13:00,23.1,0.00,0.00,1013.6,6.9,22.0,86
2025-06-15T14:00,23.7,0.00,0.00,1013.8,8.2,22.5,83
2025-06-15T15:00,24.9,0.00,0.00,1014.0,9.4,23.2,79
2025-06-15T16:00,26.4,0.00,0.00,1013.5,9.3,24.6,73
2025-06-15T17:00,27.3,0.00,0.00,1012.6,8.8,25.6,70
2025-06-15T18:00,28.7,0.00,0.00,1011.3,6.2,26.9,65
2025-06-15T19:00,29.4,0.00,0.00,1009.9,6.8,27.5,62
2025-06-15T20:00,29.8,0.00,0.00,1009.5,8.9,27.9,61
2025-06-15T21:00,29.3,0.00,0.00,1009.2,10.4,27.7,63
2025-06-15T22:00,28.3,0.00,0.00,1009.6,11.4,27.0,68
2025-06-15T23:00,27.2,0.00,0.00,1009.7,11.5,26.3,72
2025-06-16T00:00,26.2,0.00,0.00,1010.8,10.9,25.5,77
2025-06-16T01:00,25.5,0.00,0.00,1011.5,10.5,24.7,78
2025-06-16T02:00,24.7,0.00,0.00,1012.2,10.1,24.0,80
2025-06-16T03:00,24.0,0.00,0.00,1012.3,10.7,23.3,81
2025-06-16T04:00,23.5,0.00,0.00,1012.4,10.0,22.8,82
2025-06-16T05:00,23.1,0.00,0.00,1012.6,9.7,22.4,83
2025-06-16T06:00,22.9,0.00,0.00,1012.7,8.9,22.1,83
2025-06-16T07:00,22.6,0.00,0.00,1012.3,8.4,21.9,84
2025-06-16T08:00,22.4,0.00,0.00,1012.3,8.2,21.6,85
2025-06-16T09:00,22.2,0.00,0.00,1011.9,8.7,21.3,86
2025-06-16T10:00,22.1,0.00,0.00,1012.3,8.0,21.3,87
2025-06-16T11:00,22.0,0.00,0.00,1012.5,7.6,21.2,87
2025-06-16T12:00,22.1,0.00,0.00,1013.1,6.8,21.2,85
2025-06-16T13:00,22.8,0.00,0.00,1013.4,8.5,21.5,83
2025-06-16T14:00,23.9,0.00,0.00,1013.9,8.9,22.2,80
2025-06-16T15:00,25.3,0.00,0.00,1013.9,8.3,23.3,75
2025-06-16T16:00,26.8,0.00,0.00,1013.1,6.0,24.6,70
2025-06-16T17:00,28.2,0.00,0.00,1012.0,5.2,26.0,65
2025-06-16T18:00,28.7,0.00,0.00,1010.9,3.6,26.4,64
2025-06-16T19:00,29.4,0.00,0.00,1009.6,4.3,27.3,60
2025-06-16T20:00,29.4,0.00,0.00,1008.5,3.3,27.6,61
2025-06-16T21:00,29.5,0.00,0.00,1008.2,3.6,27.9,61
2025-06-16T22:00,29.1,0.00,0.00,1007.9,4.3,27.9,62
2025-06-16T23:00,28.3,0.00,0.00,1008.1,6.6,27.5,66
2025-06-17T00:00,26.4,0.00,0.00,1009.0,9.3,25.9,76
2025-06-17T01:00,25.2,0.00,0.00,1009.8,11.5,24.5,82
2025-06-17T02:00,24.1,0.00,0.00,1010.6,11.8,23.3,83
2025-06-17T03:00,23.3,0.00,0.00,1010.6,11.1,22.5,85
2025-06-17T04:00,22.8,0.00,0.00,1010.8,10.2,22.0,87
2025-06-17T05:00,22.4,0.00,0.00,1010.9,9.2,21.7,88
2025-06-17T06:00,22.3,0.00,0.00,1010.8,10.0,21.5,89
2025-06-17T07:00,22.1,0.00,0.00,1010.3,10.2,21.2,90
2025-06-17T08:00,21.9,0.00,0.00,1010.0,9.4,21.0,90
2025-06-17T09:00,21.8,0.00,0.00,1009.9,8.0,20.9,90
2025-06-17T10:00,21.7,0.00,0.00,1010.0,7.5,20.9,90
2025-06-17T11:00,21.6,0.00,0.00,1010.1,6.5,20.8,90
2025-06-17T12:00,21.4,0.00,0.00,1010.5,6.4,20.5,90
2025-06-17T13:00,22.1,0.00,0.00,1011.1,7.2,20.9,87
2025-06-17T14:00,23.5,0.00,0.00,1011.4,6.0,21.9,83
2025-06-17T15:00,24.8,0.00,0.00,1011.4,4.9,23.1,79
2025-06-17T16:00,26.1,0.00,0.00,1011.0,4.0,24.2,75
2025-06-17T17:00,27.2,0.00,0.00,1010.5,2.1,25.4,70
2025-06-17T18:00,28.3,0.00,0.00,1009.8,3.1,26.4,66
2025-06-17T19:00,28.6,0.00,0.00,1008.7,4.0,26.9,64
2025-06-17T20:00,28.9,0.00,0.00,1008.0,3.6,27.3,63
2025-06-17T21:00,28.9,0.00,0.00,1007.5,5.2,27.4,64
2025-06-17T22:00,28.3,0.00,0.00,1007.5,6.6,27.1,67
2025-06-17T23:00,27.4,0.00,0.00,1007.9,8.2,26.7,69
2025-06-18T00:00,26.0,0.00,0.00,1008.5,9.8,25.5,77
2025-06-18T01:00,24.7,0.00,0.00,1009.3,12.7,24.0,82
2025-06-18T02:00,23.9,0.00,0.00,1010.1,12.0,23.2,83
2025-06-18T03:00,23.2,0.00,0.00,1010.8,11.4,22.4,85
2025-06-18T04:00,22.6,0.00,0.00,1011.0,10.0,21.9,87
2025-06-18T05:00,22.3,0.00,0.00,1011.1,9.7,21.5,88
2025-06-18T06:00,21.9,0.00,0.00,1010.4,9.4,21.0,89
2025-06-18T07:00,21.8,0.00,0.00,1010.2,9.4,20.8,90
2025-06-18T08:00,21.8,0.00,0.00,1010.2,8.7,20.8,90
2025-06-18T09:00,21.8,0.00,0.00,1009.9,8.4,20.8,89
2025-06-18T10:00,21.8,0.00,0.00,1010.2,7.7,20.9,89
2025-06-18T11:00,21.9,0.00,0.00,1010.2,7.6,20.9,88
2025-06-18T12:00,21.6,0.00,0.00,1010.5,8.5,20.6,89
2025-06-18T13:00,22.0,0.00,0.00,1011.3,7.4,20.8,87
2025-06-18T14:00,22.5,0.00,0.00,1011.6,8.1,21.3,85
2025-06-18T15:00,23.5,0.00,0.00,1011.7,7.9,22.0,82
2025-06-18T16:00,24.7,0.00,0.00,1011.2,6.1,22.9,78
2025-06-18T17:00,26.2,0.00,0.00,1010.4,3.3,24.4,73
2025-06-18T18:00,27.0,0.00,0.00,1009.7,3.3,25.2,72
2025-06-18T19:00,27.6,0.00,0.00,1008.3,2.6,26.0,70
2025-06-18T20:00,28.1,0.00,0.00,1007.5,2.6,26.5,68
2025-06-18T21:00,28.4,0.00,0.00,1006.9,2.2,27.0,67
2025-06-18T22:00,28.2,0.00,0.00,1006.9,4.2,27.1,68
2025-06-18T23:00,27.1,0.00,0.00,1007.1,7.3,26.3,72
2025-06-19T00:00,25.0,0.00,0.00,1007.8,10.5,24.2,82
2025-06-19T01:00,24.1,0.00,0.00,1008.7,11.7,23.3,84
2025-06-19T02:00,23.3,0.00,0.00,1009.6,10.9,22.6,85
2025-06-19T03:00,22.9,0.00,0.00,1010.2,10.0,22.2,86
2025-06-19T04:00,22.6,0.00,0.00,1010.5,8.7,21.9,86
2025-06-19T05:00,22.4,0.00,0.00,1010.6,8.3,21.7,87
2025-06-19T06:00,22.0,0.00,0.00,1009.9,9.4,21.3,90
2025-06-19T07:00,21.8,0.00,0.00,1009.8,9.2,21.1,92
2025-06-19T08:00,21.8,0.00,0.00,1009.9,8.4,21.0,92
2025-06-19T09:00,21.8,0.00,0.00,1009.9,7.9,21.0,91
2025-06-19T10:00,21.8,0.00,0.00,1009.8,7.9,21.0,90
2025-06-19T11:00,21.8,0.00,0.00,1010.0,7.6,21.0,89
2025-06-19T12:00,22.0,0.00,0.00,1010.0,6.5,21.1,90
2025-06-19T13:00,22.5,0.00,0.00,1011.1,7.3,21.3,87
2025-06-19T14:00,23.6,0.00,0.00,1011.5,9.2,22.1,82
2025-06-19T15:00,25.0,0.00,0.00,1011.7,9.7,23.4,77
2025-06-19T16:00,25.9,0.00,0.00,1011.2,8.7,24.3,74
2025-06-19T17:00,26.6,0.00,0.00,1010.4,7.9,25.1,72
2025-06-19T18:00,26.5,0.00,0.00,1009.8,8.9,25.0,73
2025-06-19T19:00,26.9,0.00,0.00,1008.9,10.7,25.4,72
2025-06-19T20:00,26.6,0.00,0.00,1008.5,12.2,25.1,74
2025-06-19T21:00,26.3,0.00,0.00,1008.2,11.5,25.0,74
2025-06-19T22:00,26.0,0.00,0.00,1008.4,9.8,25.0,74
2025-06-19T23:00,25.5,0.00,0.00,1008.4,9.5,24.7,76
2025-06-20T00:00,24.8,0.00,0.00,1009.2,9.2,24.1,79
2025-06-20T01:00,24.1,0.00,0.00,1009.8,9.4,23.4,81
2025-06-20T02:00,23.5,0.00,0.00,1010.7,9.0,22.8,83
2025-06-20T03:00,23.0,0.00,0.00,1011.0,8.3,22.3,84
2025-06-20T04:00,22.6,0.00,0.00,1010.8,6.7,22.0,84
2025-06-20T05:00,22.3,0.00,0.00,1010.8,6.2,21.7,85
2025-06-20T06:00,22.0,0.00,0.00,1010.5,5.4,21.5,87
2025-06-20T07:00,21.9,0.00,0.00,1010.0,4.1,21.4,87
2025-06-20T08:00,21.7,0.00,0.00,1009.6,3.6,21.2,89
2025-06-20T09:00,21.5,0.00,0.00,1009.4,3.8,21.1,90
2025-06-20T10:00,21.3,0.00,0.00,1009.6,3.8,21.0,90
2025-06-20T11:00,21.2,0.00,0.00,1010.3,3.7,21.0,90
2025-06-20T12:00,21.4,0.00,0.00,1010.5,4.4,21.0,89
2025-06-20T13:00,22.5,0.00,0.00,1011.7,4.5,21.2,85
2025-06-20T14:00,23.7,0.00,0.00,1012.0,6.1,22.1,80
2025-06-20T15:00,25.0,0.00,0.00,1012.1,7.4,23.1,76
2025-06-20T16:00,25.9,0.00,0.00,1011.6,8.2,23.9,73
2025-06-20T17:00,26.9,0.00,0.00,1010.8,7.9,24.8,70
2025-06-20T18:00,28.3,0.00,0.00,1009.9,8.8,26.0,66
2025-06-20T19:00,29.0,0.00,0.00,1008.7,8.7,26.8,63
2025-06-20T20:00,29.4,0.00,0.00,1007.8,10.0,27.4,62
2025-06-20T21:00,29.1,0.00,0.00,1007.6,12.5,27.4,62
2025-06-20T22:00,28.1,0.00,0.00,1007.7,14.7,26.9,66
2025-06-20T23:00,27.0,0.00,0.00,1008.5,13.8,26.1,69
2025-06-21T00:00,26.0,0.00,0.00,1009.2,13.3,25.3,72
2025-06-21T01:00,25.0,0.00,0.00,1010.6,12.5,24.2,74
2025-06-21T02:00,24.1,0.00,0.00,1011.7,12.5,23.3,74
2025-06-21T03:00,23.4,0.00,0.00,1012.0,10.7,22.6,76
2025-06-21T04:00,22.9,0.00,0.00,1012.2,8.7,22.2,79
2025-06-21T05:00,22.6,0.00,0.00,1011.9,7.2,21.9,80
2025-06-21T06:00,22.3,0.00,0.00,1012.3,8.1,21.5,82
2025-06-21T07:00,22.1,0.00,0.00,1011.4,7.2,21.3,82
2025-06-21T08:00,21.9,0.00,0.00,1011.2,6.4,21.1,83
2025-06-21T09:00,21.8,0.00,0.00,1010.9,5.1,21.0,84
2025-06-21T10:00,21.6,0.00,0.00,1010.8,4.5,20.9,85
2025-06-21T11:00,21.6,0.00,0.00,1011.0,4.0,20.9,86
2025-06-21T12:00,21.5,0.00,0.00,1011.4,4.3,20.8,87
2025-06-21T13:00,22.5,0.00,0.00,1012.2,3.2,21.2,84
2025-06-21T14:00,23.9,0.00,0.00,1012.3,3.8,22.1,80
2025-06-21T15:00,25.3,0.00,0.00,1012.2,7.3,23.3,74
2025-06-21T16:00,26.5,0.00,0.00,1011.8,8.7,24.4,69
2025-06-21T17:00,27.9,0.00,0.00,1011.2,8.0,25.6,63
2025-06-21T18:00,29.2,0.00,0.00,1010.5,7.0,26.9,60
2025-06-21T19:00,29.9,0.00,0.00,1009.4,7.6,27.8,56
2025-06-21T20:00,30.2,0.00,0.00,1008.6,8.4,28.3,55
2025-06-21T21:00,30.0,0.00,0.00,1008.1,8.9,28.6,55
2025-06-21T22:00,29.3,0.00,0.00,1008.1,11.0,28.2,57
2025-06-21T23:00,27.7,0.00,0.00,1008.7,13.3,27.0,63
2025-06-22T00:00,25.8,0.00,0.00,1009.7,14.6,25.1,71
2025-06-22T01:00,24.3,0.00,0.00,1011.1,13.8,23.5,75
2025-06-22T02:00,23.0,0.00,0.00,1012.0,13.5,22.1,79
2025-06-22T03:00,22.1,0.00,0.00,1012.7,13.3,21.2,82
2025-06-22T04:00,21.5,0.00,0.00,1012.4,13.3,20.6,84
2025-06-22T05:00,21.2,0.00,0.00,1012.9,12.9,20.3,85
2025-06-22T06:00,21.1,0.00,0.00,1012.5,12.6,20.1,86
2025-06-22T07:00,21.0,0.00,0.00,1012.9,11.8,20.0,85
2025-06-22T08:00,21.0,0.00,0.00,1012.6,11.0,20.0,85
2025-06-22T09:00,20.9,0.00,0.00,1012.7,10.8,20.0,85
2025-06-22T10:00,20.9,0.00,0.00,1012.3,10.8,20.0,86
2025-06-22T11:00,20.9,0.00,0.00,1012.6,10.9,20.0,86
2025-06-22T12:00,20.9,0.00,0.00,1012.9,11.2,19.9,86
2025-06-22T13:00,21.3,0.00,0.00,1014.1,11.6,20.1,85
2025-06-22T14:00,22.0,0.00,0.00,1014.4,12.3,20.5,83
2025-06-22T15:00,22.8,0.00,0.00,1014.1,13.3,21.1,79
2025-06-22T16:00,23.8,0.00,0.00,1013.5,12.6,21.8,75
2025-06-22T17:00,24.4,0.00,0.00,1013.0,11.8,22.4,73
2025-06-22T18:00,24.6,0.00,0.00,1012.6,11.7,22.9,72
2025-06-22T19:00,24.8,0.00,0.00,1012.0,11.2,23.3,71
2025-06-22T20:00,24.2,0.00,0.00,1011.6,13.5,22.9,75
2025-06-22T21:00,23.7,0.00,0.00,1011.5,14.4,22.4,76
2025-06-22T22:00,23.3,0.00,0.00,1011.3,13.3,22.2,76
2025-06-22T23:00,22.8,0.00,0.00,1011.8,12.5,21.8,77
2025-06-23T00:00,22.2,0.00,0.00,1012.7,10.9,21.3,79
2025-06-23T01:00,21.8,0.00,0.00,1013.7,10.0,21.0,80
2025-06-23T02:00,21.5,0.00,0.00,1014.0,9.7,20.6,82
2025-06-23T03:00,21.3,0.00,0.00,1014.0,9.7,20.5,83
2025-06-23T04:00,21.2,0.00,0.00,1013.6,9.3,20.3,84
2025-06-23T05:00,21.2,0.00,0.00,1013.6,7.9,20.3,85
2025-06-23T06:00,21.1,0.00,0.00,1013.3,6.1,20.3,85
2025-06-23T07:00,21.1,0.00,0.00,1013.5,5.4,20.3,86
2025-06-23T08:00,21.1,0.00,0.00,1013.1,4.2,20.2,86
2025-06-23T09:00,21.1,0.00,0.00,1012.9,3.9,20.2,86
2025-06-23T10:00,21.0,0.00,0.00,1012.3,4.0,20.2,86
2025-06-23T11:00,21.0,0.00,0.00,1012.4,4.9,20.2,86
2025-06-23T12:00,21.0,0.00,0.00,1012.9,3.6,20.1,87
2025-06-23T13:00,21.4,0.00,0.00,1013.6,3.9,20.3,87
2025-06-23T14:00,22.2,0.00,0.00,1013.9,4.0,20.8,85
2025-06-23T15:00,23.1,0.00,0.00,1013.7,3.1,21.5,82
2025-06-23T16:00,24.0,0.00,0.00,1013.3,0.7,22.4,77
2025-06-23T17:00,25.4,0.00,0.00,1012.7,1.3,23.6,72
2025-06-23T18:00,27.7,0.00,0.00,1011.7,2.1,25.7,62
2025-06-23T19:00,28.6,0.00,0.00,1010.5,2.9,26.7,58
2025-06-23T20:00,29.0,0.00,0.00,1009.6,4.7,27.4,56
2025-06-23T21:00,28.9,0.00,0.00,1009.0,4.5,27.6,57
2025-06-23T22:00,28.7,0.00,0.00,1008.8,4.1,27.6,57
2025-06-23T23:00,28.0,0.00,0.00,1009.4,2.9,27.6,63
2025-06-24T00:00,26.8,0.00,0.00,1010.1,3.9,27.6,67
2025-06-24T01:00,26.2,0.00,0.00,1011.3,2.9,27.2,73
2025-06-24T02:00,25.1,0.00,0.00,1011.8,4.7,25.5,81
2025-06-24T03:00,24.2,0.00,0.00,1012.0,5.5,23.9,84
2025-06-24T04:00,23.5,0.00,0.00,1011.7,6.6,22.9,83
2025-06-24T05:00,23.1,0.00,0.00,1011.7,6.7,22.5,83
2025-06-24T06:00,22.5,0.00,0.00,1011.6,6.7,21.9,85
2025-06-24T07:00,22.2,0.00,0.00,1011.4,6.1,21.7,86
2025-06-24T08:00,21.9,0.00,0.00,1010.7,5.4,21.4,87
2025-06-24T09:00,21.6,0.00,0.00,1010.5,5.9,21.1,88
2025-06-24T10:00,21.5,0.00,0.00,1010.4,6.6,20.9,89
2025-06-24T11:00,21.3,0.00,0.00,1010.6,8.0,20.7,90
2025-06-24T12:00,21.5,0.00,0.00,1011.5,8.7,20.7,89
2025-06-24T13:00,22.1,0.00,0.00,1012.2,10.0,20.7,88
2025-06-24T14:00,23.4,0.00,0.00,1012.6,11.2,21.6,82
2025-06-24T15:00,25.0,0.00,0.00,1012.4,8.8,23.2,75
2025-06-24T16:00,26.1,0.00,0.00,1011.7,6.6,24.2,71
2025-06-24T17:00,27.0,0.00,0.00,1010.9,5.5,25.0,68
2025-06-24T18:00,27.9,0.00,0.00,1010.3,3.2,25.9,66
2025-06-24T19:00,28.4,0.00,0.00,1009.1,3.2,26.5,64
2025-06-24T20:00,28.5,0.00,0.00,1008.3,6.2,26.7,65
2025-06-24T21:00,27.7,0.00,0.00,1008.2,12.4,26.1,69
2025-06-24T22:00,26.2,0.00,0.00,1008.4,16.3,24.9,72
2025-06-24T23:00,25.2,0.00,0.00,1009.1,16.5,24.2,73
2025-06-25T00:00,24.3,0.00,0.00,1009.6,16.4,23.5,77
2025-06-25T01:00,23.3,0.00,0.00,1011.1,16.1,22.5,79
2025-06-25T02:00,22.8,0.00,0.00,1012.1,15.0,21.9,81
2025-06-25T03:00,22.5,0.00,0.00,1012.5,12.0,21.6,82
2025-06-25T04:00,22.4,0.00,0.00,1012.4,12.2,21.5,82
2025-06-25T05:00,22.4,0.00,0.00,1012.7,9.9,21.5,82
2025-06-25T06:00,22.1,0.00,0.00,1012.7,8.8,21.2,83
2025-06-25T07:00,22.0,0.00,0.00,1012.7,8.4,21.1,83
2025-06-25T08:00,21.9,0.00,0.00,1011.9,7.1,21.0,84
2025-06-25T09:00,21.8,0.30,0.00,1011.9,6.3,21.0,85
2025-06-25T10:00,21.8,0.00,0.00,1012.0,6.5,21.0,85
2025-06-25T11:00,21.9,0.00,0.00,1012.1,6.8,21.0,84
2025-06-25T12:00,21.9,0.00,0.00,1011.9,7.0,21.0,86
2025-06-25T13:00,22.2,0.00,0.00,1012.1,7.4,21.1,85
2025-06-25T14:00,22.8,0.00,0.00,1012.6,8.6,21.6,82
2025-06-25T15:00,23.6,0.00,0.00,1012.6,8.9,22.0,80
2025-06-25T16:00,24.8,0.00,0.00,1012.2,10.2,23.0,75
2025-06-25T17:00,25.9,0.00,0.00,1011.4,9.1,24.1,70
2025-06-25T18:00,26.6,0.00,0.00,1010.9,9.0,25.1,67
2025-06-25T19:00,26.5,0.00,0.00,1010.3,10.1,25.0,69
2025-06-25T20:00,26.6,0.00,0.00,1009.5,9.5,25.2,69
2025-06-25T21:00,26.5,0.00,0.00,1009.2,10.8,25.3,69
2025-06-25T22:00,26.0,0.00,0.00,1008.9,10.3,24.9,71
2025-06-25T23:00,25.5,0.00,0.00,1009.1,8.4,24.7,73
2025-06-26T00:00,24.3,0.00,0.00,1009.8,4.6,23.9,77
2025-06-26T01:00,23.8,0.00,0.00,1010.6,4.1,23.7,81
2025-06-26T02:00,23.5,0.00,0.00,1011.2,4.1,23.3,82
2025-06-26T03:00,23.1,0.00,0.00,1011.6,4.3,23.1,84
2025-06-26T04:00,22.6,0.00,0.00,1011.1,4.8,22.5,86
2025-06-26T05:00,22.3,0.00,0.00,1011.1,4.6,22.1,87
2025-06-26T06:00,21.8,0.00,0.00,1011.0,3.5,21.7,88
2025-06-26T07:00,21.4,0.00,0.00,1010.4,3.4,21.5,89
2025-06-26T08:00,21.1,0.00,0.00,1010.1,2.3,21.3,91
2025-06-26T09:00,20.9,0.00,0.00,1009.9,2.6,21.1,93
2025-06-26T10:00,20.8,0.00,0.00,1010.5,3.1,21.0,93
2025-06-26T11:00,20.8,0.00,0.00,1010.6,4.0,21.0,92
2025-06-26T12:00,21.2,0.00,0.00,1010.9,3.3,21.4,90
2025-06-26T13:00,22.6,0.00,0.00,1011.3,3.1,21.5,83
2025-06-26T14:00,24.5,0.00,0.00,1011.6,2.6,22.8,74
2025-06-26T15:00,26.1,0.00,0.00,1011.3,3.1,24.0,69
2025-06-26T16:00,27.4,0.00,0.00,1010.8,3.2,25.0,66
2025-06-26T17:00,28.8,0.00,0.00,1010.3,3.3,26.4,60
2025-06-26T18:00,29.9,0.00,0.00,1010.0,4.7,27.4,57
2025-06-26T19:00,30.6,0.00,0.00,1009.1,5.8,28.2,54
2025-06-26T20:00,30.8,0.00,0.00,1008.2,7.2,28.6,54
2025-06-26T21:00,30.4,0.00,0.00,1007.5,7.6,28.6,55
2025-06-26T22:00,29.4,0.00,0.00,1007.4,9.7,28.0,59
2025-06-26T23:00,27.9,0.00,0.00,1007.8,10.9,27.0,63
2025-06-27T00:00,26.0,0.00,0.00,1008.8,11.3,25.3,74
2025-06-27T01:00,24.8,0.00,0.00,1009.9,11.2,24.1,76
2025-06-27T02:00,23.9,0.00,0.00,1010.6,10.2,23.2,78
2025-06-27T03:00,23.1,0.00,0.00,1011.2,10.2,22.4,82
2025-06-27T04:00,22.5,0.00,0.00,1010.9,10.0,21.8,83
2025-06-27T05:00,22.1,0.00,0.00,1011.0,9.9,21.4,84
2025-06-27T06:00,21.8,0.00,0.00,1011.4,8.3,21.0,85
2025-06-27T07:00,21.5,0.00,0.00,1011.0,7.4,20.7,87
2025-06-27T08:00,21.2,0.00,0.00,1010.7,5.4,20.4,88
2025-06-27T09:00,21.1,0.00,0.00,1010.3,5.4,20.3,89
2025-06-27T10:00,20.9,0.00,0.00,1010.2,5.1,20.2,89
2025-06-27T11:00,20.9,0.00,0.00,1010.3,4.8,20.2,89
2025-06-27T12:00,21.2,0.00,0.00,1010.2,4.9,20.4,89
2025-06-27T13:00,22.1,0.00,0.00,1011.2,4.1,20.7,85
2025-06-27T14:00,23.5,0.00,0.00,1011.7,4.6,21.8,81
2025-06-27T15:00,25.3,0.00,0.00,1011.8,4.4,23.2,75
2025-06-27T16:00,26.9,0.00,0.00,1011.7,3.4,24.7,68
2025-06-27T17:00,28.5,0.00,0.00,1011.0,0.8,26.5,61
2025-06-27T18:00,29.8,0.00,0.00,1010.5,6.6,27.6,58
2025-06-27T19:00,30.6,0.00,0.00,1009.4,5.8,28.4,55
2025-06-27T20:00,31.0,0.00,0.00,1008.3,5.3,29.0,54
2025-06-27T21:00,30.9,0.00,0.00,1007.8,3.7,29.3,55
2025-06-27T22:00,30.6,0.00,0.00,1007.7,4.4,29.4,56
2025-06-27T23:00,28.7,0.00,0.00,1008.7,13.2,27.6,64
2025-06-28T00:00,25.6,0.00,0.00,1009.9,17.3,24.6,75
2025-06-28T01:00,24.6,0.00,0.00,1010.9,15.8,23.7,76
2025-06-28T02:00,23.7,0.00,0.00,1012.1,14.5,22.7,79
2025-06-28T03:00,23.1,0.00,0.00,1012.7,12.3,22.2,80
2025-06-28T04:00,22.9,0.00,0.00,1012.8,9.7,22.0,82
2025-06-28T05:00,22.8,0.00,0.00,1012.6,8.0,21.9,82
2025-06-28T06:00,22.6,0.00,0.00,1012.5,6.6,21.7,84
2025-06-28T07:00,22.5,0.00,0.00,1012.3,5.9,21.6,84
2025-06-28T08:00,22.4,0.00,0.00,1011.8,4.7,21.4,85
2025-06-28T09:00,22.3,0.00,0.00,1011.2,4.6,21.3,85
2025-06-28T10:00,22.3,0.00,0.00,1011.1,5.1,21.3,86
2025-06-28T11:00,22.2,0.00,0.00,1011.4,5.1,21.3,86
2025-06-28T12:00,22.4,0.00,0.00,1012.0,4.6,21.5,88
2025-06-28T13:00,22.8,0.00,0.00,1012.4,3.5,21.6,88
2025-06-28T14:00,23.7,0.00,0.00,1013.1,1.8,22.4,84
2025-06-28T15:00,25.3,0.00,0.00,1013.2,0.0,23.9,76
2025-06-28T16:00,26.8,0.00,0.00,1012.8,1.8,25.2,71
2025-06-28T17:00,27.4,0.00,0.00,1011.9,1.6,25.8,70
2025-06-28T18:00,28.0,0.00,0.00,1011.0,3.1,26.1,69
2025-06-28T19:00,28.8,0.00,0.00,1010.0,3.8,26.9,65
2025-06-28T20:00,29.2,0.00,0.00,1009.3,2.1,27.5,63
2025-06-28T21:00,29.5,0.00,0.00,1008.9,2.6,28.0,62
2025-06-28T22:00,29.1,0.00,0.00,1008.9,5.7,28.0,63
2025-06-28T23:00,27.6,0.00,0.00,1009.3,11.1,26.7,70
2025-06-29T00:00,24.9,0.00,0.00,1009.7,13.6,23.9,83
2025-06-29T01:00,23.9,0.00,0.00,1010.7,13.5,22.9,84
2025-06-29T02:00,23.5,0.00,0.00,1011.4,11.5,22.6,84
2025-06-29T03:00,23.2,0.00,0.00,1012.1,10.7,22.4,85
2025-06-29T04:00,23.0,0.00,0.00,1012.1,9.4,22.1,86
2025-06-29T05:00,22.8,0.00,0.00,1012.1,10.0,21.9,86
2025-06-29T06:00,22.5,0.00,0.00,1011.8,8.9,21.6,87
2025-06-29T07:00,22.3,0.00,0.00,1011.8,8.9,21.4,88
2025-06-29T08:00,22.2,0.00,0.00,1011.4,8.4,21.3,89
2025-06-29T09:00,22.1,0.00,0.00,1010.9,7.9,21.2,89
2025-06-29T10:00,22.1,0.00,0.00,1010.7,7.2,21.2,89
2025-06-29T11:00,22.1,0.00,0.00,1010.9,6.2,21.2,88
2025-06-29T12:00,22.3,0.00,0.00,1011.2,6.3,21.4,89
2025-06-29T13:00,22.7,0.00,0.00,1011.7,6.8,21.6,88
2025-06-29T14:00,23.5,0.00,0.00,1012.2,6.8,22.1,85
2025-06-29T15:00,24.6,0.00,0.00,1011.9,5.9,23.0,81
2025-06-29T16:00,26.1,0.00,0.00,1011.3,4.2,24.4,75
2025-06-29T17:00,26.9,0.00,0.00,1010.6,2.2,25.3,72
2025-06-29T18:00,27.6,0.00,0.00,1009.7,2.3,26.0,70
2025-06-29T19:00,28.7,0.00,0.00,1008.7,0.4,26.9,67
2025-06-29T20:00,29.1,0.00,0.00,1007.7,1.6,27.6,63
2025-06-29T21:00,29.1,0.00,0.00,1007.3,4.6,27.9,64
2025-06-29T22:00,28.3,0.00,0.00,1007.2,9.7,27.2,67
2025-06-29T23:00,26.3,0.00,0.00,1007.9,15.1,25.4,74
2025-06-30T00:00,25.1,0.00,0.00,1008.6,14.4,24.3,78
2025-06-30T01:00,24.3,0.00,0.00,1009.8,13.3,23.4,80
2025-06-30T02:00,23.6,0.00,0.00,1010.1,11.7,22.8,81
2025-06-30T03:00,23.2,0.00,0.00,1010.4,9.9,22.4,82
2025-06-30T04:00,22.9,0.00,0.00,1010.7,8.9,22.1,84
2025-06-30T05:00,22.6,0.00,0.00,1010.9,9.0,21.9,86
2025-06-30T06:00,22.4,0.00,0.00,1010.9,8.8,21.7,87
2025-06-30T07:00,22.3,0.00,0.00,1010.5,8.0,21.5,89
2025-06-30T08:00,22.2,0.00,0.00,1009.9,6.9,21.4,89
2025-06-30T09:00,22.2,0.00,0.00,1009.5,6.4,21.4,88
2025-06-30T10:00,22.1,0.00,0.00,1009.1,6.5,21.3,88
2025-06-30T11:00,22.1,0.00,0.00,1009.6,5.0,21.3,87
2025-06-30T12:00,22.3,0.00,0.00,1010.0,5.8,21.5,88
2025-06-30T13:00,22.9,0.00,0.00,1011.1,5.7,21.7,86
2025-06-30T14:00,23.8,0.00,0.00,1011.3,7.0,22.3,82
2025-06-30T15:00,25.0,0.00,0.00,1010.8,8.4,23.1,78
2025-06-30T16:00,26.5,0.00,0.00,1010.4,7.4,24.6,71
2025-06-30T17:00,27.3,0.00,0.00,1009.9,6.6,25.6,69
2025-06-30T18:00,28.1,0.00,0.00,1009.5,6.3,26.2,66
2025-06-30T19:00,28.6,0.00,0.00,1008.5,6.1,26.8,65
2025-06-30T20:00,29.1,0.00,0.00,1007.7,6.1,27.4,63
2025-06-30T21:00,29.1,0.00,0.00,1007.3,8.4,27.7,62
2025-06-30T22:00,28.4,0.00,0.00,1007.6,11.2,27.3,64
2025-06-30T23:00,26.8,0.00,0.00,1008.1,13.5,25.9,71
2025-07-01T00:00,25.9,0.00,0.00,1008.7,12.7,25.2,75
2025-07-01T01:00,24.9,0.00,0.00,1010.1,13.2,24.1,77
2025-07-01T02:00,24.0,0.10,0.00,1010.9,12.5,23.1,80
2025-07-01T03:00,23.3,0.00,0.00,1011.3,10.9,22.4,82
2025-07-01T04:00,22.8,0.00,0.00,1011.2,9.9,21.9,84
2025-07-01T05:00,22.4,0.00,0.00,1011.3,10.2,21.6,86
2025-07-01T06:00,22.2,0.00,0.00,1011.4,9.4,21.4,88
2025-07-01T07:00,22.0,0.00,0.00,1011.0,9.4,21.2,87
2025-07-01T08:00,21.8,0.00,0.00,1010.5,8.4,21.0,87
2025-07-01T09:00,21.7,0.00,0.00,1009.9,7.8,20.9,88
2025-07-01T10:00,21.6,0.00,0.00,1010.1,6.1,20.8,87
2025-07-01T11:00,21.6,0.00,0.00,1010.4,6.9,20.8,88
2025-07-01T12:00,21.9,0.00,0.00,1010.5,6.6,21.1,89
2025-07-01T13:00,22.6,0.00,0.00,1011.5,6.9,21.4,86
2025-07-01T14:00,23.6,0.00,0.00,1011.4,7.1,22.0,82
2025-07-01T15:00,24.9,0.00,0.00,1011.3,8.0,22.9,78
2025-07-01T16:00,26.4,0.00,0.00,1010.6,7.1,24.5,69
2025-07-01T17:00,27.3,0.00,0.00,1010.5,5.6,25.5,67
2025-07-01T18:00,28.5,0.00,0.00,1009.6,3.9,26.5,64
2025-07-01T19:00,29.1,0.00,0.00,1009.0,2.6,27.4,61
2025-07-01T20:00,29.3,0.00,0.00,1008.4,3.6,27.7,61
2025-07-01T21:00,29.3,0.00,0.00,1007.7,5.4,27.9,61
2025-07-01T22:00,29.0,0.00,0.00,1007.8,7.2,27.9,62
2025-07-01T23:00,27.6,0.00,0.00,1008.5,9.9,26.8,68
2025-07-02T00:00,26.1,0.00,0.00,1009.3,10.1,25.5,76
2025-07-02T01:00,25.1,0.00,0.00,1010.4,10.7,24.5,78
2025-07-02T02:00,24.3,0.00,0.00,1011.3,11.2,23.6,80
2025-07-02T03:00,23.5,0.00,0.00,1011.5,10.4,22.8,83
2025-07-02T04:00,22.9,0.00,0.00,1011.5,10.0,22.2,86
2025-07-02T05:00,22.5,0.00,0.00,1011.8,9.7,21.8,88
2025-07-02T06:00,22.4,0.00,0.00,1012.0,9.2,21.7,88
2025-07-02T07:00,22.4,0.00,0.00,1012.0,8.3,21.6,88
2025-07-02T08:00,22.4,0.00,0.00,1011.4,8.2,21.6,88
2025-07-02T09:00,22.3,0.00,0.00,1011.1,8.2,21.5,88
2025-07-02T10:00,22.3,0.00,0.00,1010.7,8.9,21.4,88
2025-07-02T11:00,22.3,0.00,0.00,1011.2,8.4,21.5,87
2025-07-02T12:00,22.3,0.00,0.00,1011.4,7.6,21.5,89
2025-07-02T13:00,22.8,0.00,0.00,1012.2,9.2,21.7,87
2025-07-02T14:00,23.7,0.00,0.00,1012.3,10.3,22.2,83
2025-07-02T15:00,24.2,0.00,0.00,1012.2,11.2,22.7,81
2025-07-02T16:00,25.0,0.00,0.00,1011.7,10.1,23.3,76
2025-07-02T17:00,26.1,0.00,0.00,1011.2,8.3,24.2,71
2025-07-02T18:00,27.8,0.00,0.00,1010.1,5.7,25.9,65
2025-07-02T19:00,28.0,0.00,0.00,1009.2,6.0,26.3,65
2025-07-02T20:00,28.2,0.00,0.00,1008.4,7.6,26.5,65
2025-07-02T21:00,27.9,0.00,0.00,1008.3,8.0,26.4,67
2025-07-02T22:00,27.3,0.00,0.00,1008.0,8.6,26.1,69
2025-07-02T23:00,26.3,0.00,0.00,1008.8,9.5,25.5,73
2025-07-03T00:00,25.8,0.00,0.00,1009.3,6.6,25.4,77
2025-07-03T01:00,25.1,0.00,0.00,1010.3,8.5,24.6,80
2025-07-03T02:00,24.3,0.00,0.00,1011.1,8.7,23.9,82
2025-07-03T03:00,23.7,0.00,0.00,1011.7,8.2,23.2,83
2025-07-03T04:00,23.2,0.00,0.00,1011.4,8.2,22.5,85
2025-07-03T05:00,23.0,0.00,0.00,1011.8,7.7,22.2,86
2025-07-03T06:00,22.6,0.00,0.00,1011.4,7.7,21.8,87
2025-07-03T07:00,22.4,0.00,0.00,1011.3,6.9,21.6,88
2025-07-03T08:00,22.2,0.00,0.00,1010.7,5.9,21.5,89
2025-07-03T09:00,22.2,0.00,0.00,1010.4,5.4,21.4,90
2025-07-03T10:00,22.1,0.00,0.00,1010.6,5.6,21.3,90
2025-07-03T11:00,22.1,0.00,0.00,1010.9,5.9,21.3,90
2025-07-03T12:00,22.2,0.00,0.00,1010.8,6.8,21.5,90
2025-07-03T13:00,23.0,0.00,0.00,1011.8,9.0,21.8,87
2025-07-03T14:00,24.5,0.00,0.00,1012.5,9.5,23.0,79
2025-07-03T15:00,25.5,0.00,0.00,1012.5,8.3,24.0,76
2025-07-03T16:00,26.0,0.00,0.00,1012.2,6.1,24.6,74
2025-07-03T17:00,26.7,0.00,0.00,1011.9,6.9,25.2,72
2025-07-03T18:00,27.7,0.00,0.00,1010.9,11.2,26.0,68
2025-07-03T19:00,27.6,0.00,0.00,1010.3,13.8,25.7,69
2025-07-03T20:00,27.1,0.00,0.00,1009.6,14.6,25.2,71
2025-07-03T21:00,27.0,0.00,0.00,1009.2,14.1,25.3,71
2025-07-03T22:00,26.3,0.00,0.00,1009.5,13.2,25.0,73
2025-07-03T23:00,25.4,0.00,0.00,1010.4,12.5,24.5,74
2025-07-04T00:00,24.8,0.00,0.00,1011.2,9.2,24.2,78
2025-07-04T01:00,24.0,0.00,0.00,1012.6,9.5,23.3,81
2025-07-04T02:00,23.4,0.00,0.00,1013.2,10.2,22.7,83
2025-07-04T03:00,23.0,0.00,0.00,1013.8,10.0,22.2,84
2025-07-04T04:00,22.6,0.00,0.00,1013.8,9.6,21.9,86
2025-07-04T05:00,22.6,0.00,0.00,1014.0,10.0,21.8,87
2025-07-04T06:00,22.6,0.00,0.00,1014.0,9.7,21.8,88
2025-07-04T07:00,22.5,0.00,0.00,1013.6,9.2,21.7,88
2025-07-04T08:00,22.6,0.00,0.00,1013.3,8.7,21.9,88
2025-07-04T09:00,22.7,0.00,0.00,1013.1,7.9,21.9,89
2025-07-04T10:00,22.6,0.00,0.00,1013.4,8.0,21.8,89
2025-07-04T11:00,22.5,0.00,0.00,1013.6,7.4,21.7,89
2025-07-04T12:00,22.5,0.00,0.00,1014.0,7.3,21.8,90
2025-07-04T13:00,23.1,0.00,0.00,1014.8,7.7,22.0,86
2025-07-04T14:00,23.9,0.00,0.00,1015.2,7.9,22.6,82
2025-07-04T15:00,24.7,0.00,0.00,1014.7,7.4,23.2,79
2025-07-04T16:00,26.0,0.00,0.00,1014.3,6.6,24.2,73
2025-07-04T17:00,27.1,0.00,0.00,1013.7,5.7,25.2,68
2025-07-04T18:00,28.0,0.00,0.00,1013.1,5.9,26.2,64
2025-07-04T19:00,28.7,0.00,0.00,1011.5,7.4,26.9,61
2025-07-04T20:00,29.0,0.00,0.00,1010.8,8.0,27.2,61
2025-07-04T21:00,29.0,0.00,0.00,1010.2,9.6,27.4,61
2025-07-04T22:00,28.1,0.00,0.00,1010.3,10.5,26.9,64
2025-07-04T23:00,26.9,0.00,0.00,1010.9,10.2,26.0,69
2025-07-05T00:00,25.9,0.00,0.00,1011.6,9.9,25.3,76
2025-07-05T01:00,25.0,0.00,0.00,1012.7,9.9,24.4,80
2025-07-05T02:00,24.3,0.00,0.00,1013.6,8.9,23.7,82
2025-07-05T03:00,23.8,0.00,0.00,1014.0,7.9,23.1,84
2025-07-05T04:00,23.3,0.00,0.00,1014.0,6.6,22.7,86
2025-07-05T05:00,23.0,0.00,0.00,1014.2,6.4,22.4,88
2025-07-05T06:00,22.8,0.00,0.00,1013.9,8.1,22.2,91
2025-07-05T07:00,22.6,0.00,0.00,1013.6,7.4,22.0,92
2025-07-05T08:00,22.5,0.00,0.00,1013.0,6.0,21.8,93
2025-07-05T09:00,22.4,0.00,0.00,1012.7,5.9,21.8,93
2025-07-05T10:00,22.4,0.00,0.00,1012.8,5.4,21.8,93
2025-07-05T11:00,22.4,0.00,0.00,1013.3,4.7,21.8,93
2025-07-05T12:00,22.7,0.00,0.00,1013.7,5.7,22.0,92
2025-07-05T13:00,23.5,0.00,0.00,1014.3,8.7,22.3,88
2025-07-05T14:00,24.6,0.00,0.00,1014.7,9.7,23.1,82
2025-07-05T15:00,25.7,0.00,0.00,1014.7,9.6,24.0,76
2025-07-05T16:00,26.5,0.00,0.00,1014.4,9.5,24.7,72
2025-07-05T17:00,27.0,0.00,0.00,1013.4,9.8,25.2,70
2025-07-05T18:00,27.8,0.00,0.00,1012.7,10.8,25.8,66
2025-07-05T19:00,28.5,0.00,0.00,1011.5,11.2,26.4,64
2025-07-05T20:00,28.5,0.00,0.00,1011.2,12.3,26.6,64
2025-07-05T21:00,28.3,0.00,0.00,1010.4,12.9,26.6,64
2025-07-05T22:00,27.4,0.00,0.00,1010.8,13.8,26.1,68
2025-07-05T23:00,26.0,0.00,0.00,1011.1,13.2,25.0,74
2025-07-06T00:00,25.1,0.00,0.00,1011.7,12.0,24.3,77
2025-07-06T01:00,24.1,0.00,0.00,1012.5,12.0,23.3,80
2025-07-06T02:00,23.4,0.00,0.00,1013.1,12.0,22.5,83
2025-07-06T03:00,22.9,0.00,0.00,1013.2,11.0,22.0,85
2025-07-06T04:00,22.6,0.00,0.00,1013.3,10.2,21.7,87
2025-07-06T05:00,22.4,0.00,0.00,1013.3,10.2,21.5,88
2025-07-06T06:00,22.4,0.00,0.00,1013.1,9.5,21.5,88
2025-07-06T07:00,22.3,0.00,0.00,1013.1,8.7,21.5,88
2025-07-06T08:00,22.2,0.00,0.00,1012.6,8.3,21.4,89
2025-07-06T09:00,22.2,0.00,0.00,1012.4,7.6,21.3,89
2025-07-06T10:00,22.2,0.00,0.00,1012.4,6.3,21.3,88
2025-07-06T11:00,22.2,0.00,0.00,1012.8,5.4,21.5,87
2025-07-06T12:00,22.4,0.00,0.00,1012.7,5.5,21.6,88
2025-07-06T13:00,23.1,0.00,0.00,1013.5,6.3,21.9,86
2025-07-06T14:00,24.4,0.00,0.00,1013.7,9.6,22.8,79
2025-07-06T15:00,25.6,0.00,0.00,1013.7,7.4,23.9,74
2025-07-06T16:00,26.5,0.00,0.00,1013.0,5.5,24.8,70
2025-07-06T17:00,27.0,0.00,0.00,1012.3,4.0,25.3,68
2025-07-06T18:00,28.3,0.00,0.00,1011.4,2.9,26.3,63
2025-07-06T19:00,29.2,0.00,0.00,1010.2,2.1,27.2,59
2025-07-06T20:00,29.8,0.00,0.00,1009.2,2.5,28.0,57
2025-07-06T21:00,29.9,0.00,0.00,1008.8,4.0,28.3,57
2025-07-06T22:00,29.6,0.00,0.00,1008.7,5.1,28.4,58
2025-07-06T23:00,28.6,0.00,0.00,1009.2,6.9,28.0,61
2025-07-07T00:00,27.4,0.00,0.00,1009.9,7.9,27.1,68
2025-07-07T01:00,25.7,0.00,0.00,1010.7,10.7,25.0,78
2025-07-07T02:00,24.7,0.00,0.00,1011.2,9.9,24.0,84
2025-07-07T03:00,24.1,0.00,0.00,1011.5,8.7,23.4,86
2025-07-07T04:00,23.6,0.00,0.00,1011.3,7.9,23.0,88
2025-07-07T05:00,23.3,0.00,0.00,1011.6,7.9,22.6,89
2025-07-07T06:00,22.9,0.00,0.00,1011.5,6.9,22.2,91
2025-07-07T07:00,22.6,0.00,0.00,1011.1,6.9,21.9,92
2025-07-07T08:00,22.5,0.00,0.00,1010.8,5.9,21.8,92
2025-07-07T09:00,22.5,0.00,0.00,1010.5,5.7,21.8,91
2025-07-07T10:00,22.6,0.00,0.00,1010.7,4.7,21.9,91
2025-07-07T11:00,22.6,0.00,0.00,1010.8,4.1,21.9,91
2025-07-07T12:00,22.7,0.00,0.00,1011.0,3.3,22.1,90
2025-07-07T13:00,23.5,0.00,0.00,1011.5,4.5,22.3,87
2025-07-07T14:00,24.6,0.00,0.00,1011.8,6.2,23.1,82
2025-07-07T15:00,26.1,0.00,0.00,1012.0,4.8,24.5,75
2025-07-07T16:00,27.2,0.00,0.00,1011.7,4.9,25.5,70
2025-07-07T17:00,28.2,0.00,0.00,1011.1,3.7,26.3,66
2025-07-07T18:00,29.0,0.00,0.00,1010.2,4.0,27.2,62
2025-07-07T19:00,29.1,0.00,0.00,1009.6,5.9,27.5,61
2025-07-07T20:00,28.9,0.00,0.00,1009.0,8.6,27.3,63
2025-07-07T21:00,28.3,0.00,0.00,1008.6,11.5,26.8,66
2025-07-07T22:00,26.8,0.00,0.00,1008.9,14.8,25.5,73
2025-07-07T23:00,25.8,0.00,0.00,1009.5,14.3,24.7,76
2025-07-08T00:00,24.8,0.00,0.00,1010.2,14.8,24.0,79
2025-07-08T01:00,24.1,0.00,0.00,1011.1,13.5,23.2,82
2025-07-08T02:00,23.6,0.00,0.00,1012.1,12.0,22.7,84
2025-07-08T03:00,23.3,0.00,0.00,1012.8,11.0,22.4,85
2025-07-08T04:00,23.1,0.00,0.00,1013.2,10.0,22.3,86
2025-07-08T05:00,23.0,0.00,0.00,1013.4,9.0,22.2,86
2025-07-08T06:00,22.7,0.00,0.00,1012.6,7.4,21.8,88
2025-07-08T07:00,22.6,0.00,0.00,1011.9,7.0,21.7,88
2025-07-08T08:00,22.6,0.00,0.00,1011.2,6.2,21.7,89
2025-07-08T09:00,22.6,0.00,0.00,1011.2,6.3,21.7,89
2025-07-08T10:00,22.6,0.00,0.00,1011.2,6.8,21.8,89
2025-07-08T11:00,22.7,0.00,0.00,1012.0,6.7,21.9,88
2025-07-08T12:00,22.7,0.00,0.00,1011.6,7.7,21.8,89
2025-07-08T13:00,23.2,0.00,0.00,1012.5,9.7,22.1,87
2025-07-08T14:00,24.2,0.00,0.00,1012.9,10.2,22.8,82
2025-07-08T15:00,24.8,0.00,0.00,1013.0,9.4,23.5,80
2025-07-08T16:00,25.6,0.00,0.00,1012.8,9.1,24.2,76
2025-07-08T17:00,25.9,0.00,0.00,1012.2,11.1,24.5,75
2025-07-08T18:00,26.3,0.00,0.00,1011.9,9.7,24.7,75
2025-07-08T19:00,26.4,0.00,0.00,1010.7,11.0,24.8,74
2025-07-08T20:00,26.2,0.00,0.00,1010.1,12.7,24.8,75
2025-07-08T21:00,26.0,0.00,0.00,1009.7,14.1,24.7,74
2025-07-08T22:00,25.5,0.00,0.00,1009.9,15.0,24.3,75
2025-07-08T23:00,24.7,0.00,0.00,1010.6,13.7,23.7,76
2025-07-09T00:00,23.5,0.00,0.00,1011.2,12.4,22.6,78
2025-07-09T01:00,22.9,0.00,0.00,1012.7,11.5,22.1,79
2025-07-09T02:00,22.6,0.00,0.00,1013.5,12.5,21.7,81
2025-07-09T03:00,22.4,0.00,0.00,1014.4,10.8,21.6,83
2025-07-09T04:00,22.3,0.00,0.00,1014.5,9.2,21.5,85
2025-07-09T05:00,22.2,0.00,0.00,1014.3,7.8,21.5,86
2025-07-09T06:00,22.2,0.00,0.00,1013.4,7.9,21.6,86
2025-07-09T07:00,22.1,0.00,0.00,1012.8,5.8,21.4,87
2025-07-09T08:00,22.0,0.00,0.00,1012.3,4.6,21.3,87
2025-07-09T09:00,21.9,0.00,0.00,1011.9,3.7,21.3,88
2025-07-09T10:00,21.8,0.00,0.00,1012.2,3.0,21.2,89
2025-07-09T11:00,21.7,0.00,0.00,1012.5,3.0,21.2,89
2025-07-09T12:00,21.7,0.00,0.00,1013.1,4.2,21.0,88
2025-07-09T13:00,22.4,0.00,0.00,1013.9,4.3,21.2,86
2025-07-09T14:00,23.6,0.00,0.00,1014.2,6.4,22.0,82
2025-07-09T15:00,25.2,0.00,0.00,1014.0,6.5,23.6,75
2025-07-09T16:00,26.3,0.00,0.00,1013.7,7.3,24.6,71
2025-07-09T17:00,27.0,0.00,0.00,1013.2,6.9,25.1,69
2025-07-09T18:00,28.4,0.00,0.00,1012.5,7.7,26.3,64
2025-07-09T19:00,28.8,0.00,0.00,1011.2,8.9,26.7,62
2025-07-09T20:00,29.2,0.00,0.00,1010.5,8.2,27.3,60
2025-07-09T21:00,29.1,0.00,0.00,1009.8,8.9,27.6,60
2025-07-09T22:00,28.5,0.00,0.00,1009.9,10.2,27.3,62
2025-07-09T23:00,27.3,0.00,0.00,1010.4,12.5,26.5,65
2025-07-10T00:00,25.4,0.00,0.00,1011.0,13.3,24.8,70
2025-07-10T01:00,24.0,0.00,0.00,1012.2,12.7,23.3,74
2025-07-10T02:00,23.0,0.00,0.00,1013.1,11.1,22.3,78
2025-07-10T03:00,22.3,0.00,0.00,1013.6,11.5,21.5,83
2025-07-10T04:00,22.0,0.00,0.00,1013.8,11.3,21.1,85
2025-07-10T05:00,21.9,0.00,0.00,1014.0,12.2,21.0,85
2025-07-10T06:00,21.7,0.00,0.00,1013.1,10.9,20.9,84
2025-07-10T07:00,21.6,0.00,0.00,1012.8,10.0,20.8,84
2025-07-10T08:00,21.4,0.00,0.00,1012.5,9.9,20.6,85
2025-07-10T09:00,21.3,0.00,0.00,1012.3,8.7,20.5,84
2025-07-10T10:00,21.2,0.00,0.00,1012.3,8.1,20.4,85
2025-07-10T11:00,21.1,0.00,0.00,1012.7,7.4,20.3,85
2025-07-10T12:00,21.1,0.00,0.00,1012.6,8.0,20.3,86
2025-07-10T13:00,21.7,0.00,0.00,1013.8,9.0,20.6,84
2025-07-10T14:00,22.7,0.00,0.00,1014.0,11.6,21.2,80
2025-07-10T15:00,23.9,0.00,0.00,1014.2,11.6,22.0,75
2025-07-10T16:00,25.0,0.00,0.00,1013.7,10.2,22.9,71
2025-07-10T17:00,26.3,0.00,0.00,1013.2,9.2,24.0,67
2025-07-10T18:00,27.3,0.00,0.00,1011.6,4.4,25.2,61
2025-07-10T19:00,28.2,0.00,0.00,1010.7,3.9,26.3,58
2025-07-10T20:00,28.7,0.00,0.00,1009.8,3.8,26.9,55
2025-07-10T21:00,28.7,0.00,0.00,1010.0,4.7,27.2,56
2025-07-10T22:00,28.4,0.00,0.00,1009.9,5.8,27.2,57
2025-07-10T23:00,27.6,0.00,0.00,1010.7,6.6,27.0,60
2025-07-11T00:00,25.7,0.00,0.00,1011.1,5.7,25.6,70
2025-07-11T01:00,24.5,0.00,0.00,1012.2,10.2,23.9,74
2025-07-11T02:00,23.1,0.00,0.00,1013.1,11.6,22.3,78
2025-07-11T03:00,22.6,0.00,0.00,1013.6,9.2,21.8,79
2025-07-11T04:00,22.2,0.00,0.00,1013.7,8.3,21.4,81
2025-07-11T05:00,22.0,0.00,0.00,1013.7,8.2,21.2,80
2025-07-11T06:00,21.9,0.00,0.00,1013.4,8.5,21.1,81
2025-07-11T07:00,21.7,0.00,0.00,1013.3,8.2,21.0,82
2025-07-11T08:00,21.6,0.00,0.00,1012.7,7.2,20.8,83
2025-07-11T09:00,21.5,0.00,0.00,1012.3,7.0,20.7,85
2025-07-11T10:00,21.4,0.00,0.00,1012.5,8.1,20.7,87
2025-07-11T11:00,21.5,0.00,0.00,1012.9,7.2,20.8,87
2025-07-11T12:00,21.5,0.00,0.00,1012.7,7.9,20.7,88
2025-07-11T13:00,22.2,0.00,0.00,1013.6,9.0,21.0,85
2025-07-11T14:00,22.9,0.00,0.00,1013.8,10.4,21.5,81
2025-07-11T15:00,23.9,0.00,0.00,1014.0,9.8,22.1,77
2025-07-11T16:00,25.0,0.00,0.00,1013.5,7.8,23.0,73
2025-07-11T17:00,26.0,0.00,0.00,1012.9,5.7,24.4,68
2025-07-11T18:00,27.4,0.00,0.00,1011.7,4.6,25.4,65
2025-07-11T19:00,27.5,0.00,0.00,1010.9,5.0,25.7,65
2025-07-11T20:00,27.7,0.00,0.00,1009.7,4.8,26.0,65
2025-07-11T21:00,27.8,0.00,0.00,1009.2,4.9,26.2,64
2025-07-11T22:00,27.4,0.00,0.00,1009.5,5.8,26.2,66
2025-07-11T23:00,26.7,0.00,0.00,1010.2,7.0,26.0,69
2025-07-12T00:00,25.6,0.00,0.00,1010.7,8.4,25.2,73
2025-07-12T01:00,24.4,0.00,0.00,1012.0,11.7,23.6,76
2025-07-12T02:00,23.3,0.00,0.00,1012.9,10.7,22.5,79
2025-07-12T03:00,22.5,0.00,0.00,1013.2,9.8,21.9,82
2025-07-12T04:00,22.2,0.00,0.00,1013.4,8.3,21.5,83
2025-07-12T05:00,22.0,0.00,0.00,1013.5,7.7,21.3,82
2025-07-12T06:00,21.7,0.00,0.00,1013.2,7.7,20.9,82
2025-07-12T07:00,21.5,0.00,0.00,1013.1,7.1,20.8,82
2025-07-12T08:00,21.3,0.00,0.00,1012.6,7.7,20.6,83
2025-07-12T09:00,21.2,0.00,0.00,1012.6,7.2,20.4,85
2025-07-12T10:00,21.1,0.00,0.00,1012.5,7.4,20.3,87
2025-07-12T11:00,21.0,0.00,0.00,1012.9,8.1,20.3,88
2025-07-12T12:00,21.1,0.00,0.00,1013.3,8.4,20.2,89
2025-07-12T13:00,21.7,0.00,0.00,1013.9,9.1,20.5,86
2025-07-12T14:00,22.8,0.00,0.00,1014.3,9.2,21.1,81
2025-07-12T15:00,23.9,0.00,0.00,1014.4,9.6,22.1,76
2025-07-12T16:00,24.9,0.00,0.00,1014.1,9.2,22.9,73
2025-07-12T17:00,26.1,0.00,0.00,1013.3,6.4,24.4,68
2025-07-12T18:00,27.5,0.00,0.00,1012.0,5.9,25.5,63
2025-07-12T19:00,27.8,0.00,0.00,1011.1,6.1,26.0,62
2025-07-12T20:00,28.1,0.00,0.00,1010.6,7.1,26.5,61
2025-07-12T21:00,28.1,0.00,0.00,1010.2,7.3,26.7,62
2025-07-12T22:00,27.7,0.00,0.00,1010.5,8.1,26.7,63
2025-07-12T23:00,26.7,0.00,0.00,1010.7,9.4,26.0,67
2025-07-13T00:00,24.7,0.00,0.00,1011.3,8.4,24.3,76
2025-07-13T01:00,23.8,0.00,0.00,1011.9,9.2,23.3,78
2025-07-13T02:00,23.0,0.00,0.00,1012.7,8.4,22.5,80
2025-07-13T03:00,22.5,0.00,0.00,1013.0,8.4,21.9,81
2025-07-13T04:00,22.0,0.00,0.00,1013.4,8.7,21.3,83
2025-07-13T05:00,21.7,0.00,0.00,1013.4,8.0,21.0,84
2025-07-13T06:00,21.6,0.00,0.00,1013.7,8.5,20.8,85
2025-07-13T07:00,21.3,0.00,0.00,1013.1,7.4,20.5,87
2025-07-13T08:00,21.1,0.00,0.00,1012.9,6.2,20.4,88
2025-07-13T09:00,21.0,0.00,0.00,1012.3,6.2,20.3,88
2025-07-13T10:00,21.0,0.00,0.00,1012.2,5.6,20.3,88
2025-07-13T11:00,21.0,0.00,0.00,1012.3,5.4,20.3,88
2025-07-13T12:00,21.0,0.00,0.00,1012.3,4.2,20.3,90
2025-07-13T13:00,21.8,0.00,0.00,1013.1,4.2,20.7,86
2025-07-13T14:00,22.9,0.00,0.00,1013.5,5.2,21.4,82
2025-07-13T15:00,24.4,0.00,0.00,1013.5,5.3,22.5,76
2025-07-13T16:00,25.5,0.00,0.00,1013.1,3.7,23.5,73
2025-07-13T17:00,26.9,0.00,0.00,1012.2,2.5,24.7,67
2025-07-13T18:00,28.1,0.00,0.00,1011.6,1.6,25.8,63
2025-07-13T19:00,29.0,0.00,0.00,1010.5,1.3,26.9,60
2025-07-13T20:00,29.5,0.00,0.00,1009.6,1.1,27.7,58
2025-07-13T21:00,29.6,0.00,0.00,1008.9,2.5,28.0,59
2025-07-13T22:00,29.3,0.00,0.00,1008.9,5.8,28.1,61
2025-07-13T23:00,28.2,0.00,0.00,1009.7,8.4,27.5,65
2025-07-14T00:00,26.6,0.00,0.00,1010.6,8.8,26.3,72
2025-07-14T01:00,24.9,0.00,0.00,1011.7,13.5,24.2,79
2025-07-14T02:00,23.6,0.00,0.00,1012.1,12.0,22.8,82
2025-07-14T03:00,22.9,0.00,0.00,1012.3,11.2,22.2,85
2025-07-14T04:00,22.5,0.00,0.00,1012.4,9.8,21.7,86
2025-07-14T05:00,22.1,0.00,0.00,1012.3,8.7,21.4,87
2025-07-14T06:00,21.7,0.00,0.00,1011.5,7.4,21.0,88
2025-07-14T07:00,21.6,0.00,0.00,1011.1,6.9,20.8,88
2025-07-14T08:00,21.4,0.00,0.00,1011.0,5.4,20.7,89
2025-07-14T09:00,21.2,0.00,0.00,1010.8,6.1,20.5,90
2025-07-14T10:00,21.0,0.00,0.00,1010.9,7.4,20.2,90
2025-07-14T11:00,21.0,0.00,0.00,1011.5,7.9,20.2,90
2025-07-14T12:00,21.2,0.00,0.00,1011.5,8.7,20.3,90
2025-07-14T13:00,21.9,0.00,0.00,1012.4,9.5,20.8,87
2025-07-14T14:00,23.4,0.00,0.00,1012.5,10.2,22.1,81
2025-07-14T15:00,24.6,0.00,0.00,1012.5,7.7,23.1,77
2025-07-14T16:00,25.7,0.00,0.00,1012.2,6.4,24.2,73
2025-07-14T17:00,26.6,0.00,0.00,1011.4,6.3,25.0,69
2025-07-14T18:00,26.7,0.00,0.00,1010.5,5.1,25.1,69
2025-07-14T19:00,27.4,0.00,0.00,1009.4,5.5,25.8,67
2025-07-14T20:00,27.5,0.00,0.00,1008.7,6.0,25.9,67
2025-07-14T21:00,27.5,0.00,0.00,1008.0,7.1,26.0,67
2025-07-14T22:00,27.1,0.00,0.00,1008.4,8.9,26.0,68
2025-07-14T23:00,25.6,0.00,0.00,1009.0,13.9,24.7,73
2025-07-15T00:00,24.2,0.00,0.00,1009.6,14.3,23.5,77
2025-07-15T01:00,23.0,0.00,0.00,1010.9,14.2,22.3,81
2025-07-15T02:00,22.5,0.00,0.00,1011.9,11.9,21.8,83
2025-07-15T03:00,22.2,0.00,0.00,1012.3,11.2,21.4,84
2025-07-15T04:00,22.0,0.00,0.00,1012.7,11.3,21.0,85
2025-07-15T05:00,21.7,0.00,0.00,1012.9,10.2,20.8,87
2025-07-15T06:00,21.5,0.00,0.00,1012.6,11.2,20.6,87
2025-07-15T07:00,21.3,0.00,0.00,1011.9,9.9,20.5,88
2025-07-15T08:00,21.3,0.00,0.00,1011.3,7.5,20.5,89
2025-07-15T09:00,21.2,0.00,0.00,1010.8,6.6,20.4,89
2025-07-15T10:00,21.1,0.00,0.00,1010.8,6.3,20.4,89
2025-07-15T11:00,21.1,0.00,0.00,1010.9,6.0,20.4,89
2025-07-15T12:00,21.0,0.00,0.00,1011.0,5.6,20.2,91
2025-07-15T13:00,21.7,0.00,0.00,1011.7,7.4,20.5,87
2025-07-15T14:00,22.9,0.00,0.00,1011.9,7.4,21.2,81
2025-07-15T15:00,24.6,0.00,0.00,1012.0,7.7,23.0,73
2025-07-15T16:00,25.7,0.00,0.00,1011.2,5.8,24.0,70
2025-07-15T17:00,27.1,0.00,0.00,1010.6,4.2,25.2,65
2025-07-15T18:00,27.9,0.00,0.00,1009.9,2.1,25.9,64
2025-07-15T19:00,28.2,0.00,0.00,1008.9,1.6,26.5,64
2025-07-15T20:00,28.7,0.00,0.00,1008.0,0.7,27.1,61
2025-07-15T21:00,28.8,0.00,0.00,1007.4,1.6,27.4,61
2025-07-15T22:00,28.5,0.00,0.00,1007.5,3.1,27.4,63
2025-07-15T23:00,27.8,0.00,0.00,1008.2,4.0,27.3,67
2025-07-16T00:00,26.5,0.00,0.00,1008.6,6.2,26.6,75
2025-07-16T01:00,25.1,0.00,0.00,1009.9,10.7,24.4,81
2025-07-16T02:00,24.0,0.00,0.00,1010.5,10.4,23.4,83
2025-07-16T03:00,23.3,0.00,0.00,1011.0,10.2,22.6,85
2025-07-16T04:00,22.6,0.00,0.00,1011.1,10.2,21.8,87
2025-07-16T05:00,22.1,0.00,0.00,1011.5,10.2,21.3,88
2025-07-16T06:00,21.7,0.00,0.00,1011.4,11.7,20.8,88
2025-07-16T07:00,21.5,0.00,0.00,1011.3,11.0,20.6,89
2025-07-16T08:00,21.5,0.00,0.00,1011.0,10.5,20.6,89
2025-07-16T09:00,21.5,0.00,0.00,1010.3,10.0,20.6,89
2025-07-16T10:00,21.5,0.00,0.00,1010.1,9.5,20.7,89
2025-07-16T11:00,21.4,0.00,0.00,1010.3,8.9,20.6,88
2025-07-16T12:00,21.0,0.00,0.00,1010.3,8.8,20.1,88
2025-07-16T13:00,21.5,0.00,0.00,1011.0,9.9,20.2,85
2025-07-16T14:00,22.5,0.00,0.00,1011.3,9.6,20.9,82
2025-07-16T15:00,23.9,0.00,0.00,1011.6,9.1,21.9,77
2025-07-16T16:00,25.1,0.00,0.00,1011.1,7.7,23.1,73
2025-07-16T17:00,26.3,0.00,0.00,1010.3,5.4,24.5,69
2025-07-16T18:00,27.8,0.00,0.00,1009.2,4.2,25.8,63
2025-07-16T19:00,28.5,0.00,0.00,1008.2,4.0,26.5,62
2025-07-16T20:00,28.8,0.00,0.00,1007.3,4.3,26.9,61
2025-07-16T21:00,28.7,0.00,0.00,1006.7,5.1,27.1,62
2025-07-16T22:00,28.3,0.00,0.00,1006.4,5.1,27.0,63
2025-07-16T23:00,26.9,0.00,0.00,1007.0,10.2,25.9,69
2025-07-17T00:00,25.4,0.00,0.00,1008.0,12.8,24.7,75
2025-07-17T01:00,24.0,0.00,0.00,1008.9,14.0,23.3,78
2025-07-17T02:00,23.1,0.00,0.00,1009.4,12.3,22.4,79
2025-07-17T03:00,22.4,0.00,0.00,1009.6,11.0,21.8,82
2025-07-17T04:00,21.9,0.00,0.00,1009.7,10.2,21.3,84
2025-07-17T05:00,21.6,0.00,0.00,1009.9,10.3,21.0,86
2025-07-17T06:00,21.1,0.00,0.00,1009.9,11.0,20.4,87
2025-07-17T07:00,20.8,0.00,0.00,1009.2,10.2,20.1,89
2025-07-17T08:00,20.7,0.00,0.00,1008.7,8.3,19.9,90
2025-07-17T09:00,20.6,0.00,0.00,1008.6,6.8,19.8,89
2025-07-17T10:00,20.5,0.00,0.00,1008.7,5.3,19.8,88
2025-07-17T11:00,20.5,0.00,0.00,1009.0,5.4,19.9,87
2025-07-17T12:00,20.6,0.00,0.00,1009.4,5.2,20.0,86
2025-07-17T13:00,21.5,0.00,0.00,1010.0,5.4,20.3,83
2025-07-17T14:00,22.9,0.00,0.00,1010.5,5.7,21.3,78
2025-07-17T15:00,24.4,0.00,0.00,1010.3,6.6,22.5,74
2025-07-17T16:00,25.7,0.00,0.00,1009.6,5.9,23.6,70
2025-07-17T17:00,26.8,0.00,0.00,1009.0,3.6,24.6,66
2025-07-17T18:00,28.1,0.00,0.00,1007.5,3.6,26.0,62
2025-07-17T19:00,29.0,0.00,0.00,1006.6,1.5,27.1,59
2025-07-17T20:00,29.3,0.00,0.00,1005.8,4.5,27.6,59
2025-07-17T21:00,29.4,0.00,0.00,1005.6,5.9,28.0,59
2025-07-17T22:00,28.1,0.00,0.00,1005.9,11.6,26.9,64
2025-07-17T23:00,26.2,0.00,0.00,1006.6,14.0,25.1,71
2025-07-18T00:00,25.7,0.00,0.00,1007.0,13.5,25.0,73
2025-07-18T01:00,24.6,0.00,0.00,1007.9,12.8,23.9,76
2025-07-18T02:00,23.8,0.00,0.00,1008.6,11.7,23.0,77
2025-07-18T03:00,23.2,0.00,0.00,1009.0,12.0,22.3,78
2025-07-18T04:00,22.5,0.00,0.00,1009.4,12.5,21.7,80
2025-07-18T05:00,22.0,0.00,0.00,1009.5,11.6,21.2,83
2025-07-18T06:00,21.8,0.00,0.00,1009.3,10.8,21.0,84
2025-07-18T07:00,21.5,0.00,0.00,1008.6,9.2,20.7,85
2025-07-18T08:00,21.2,0.00,0.00,1008.2,7.6,20.5,86
2025-07-18T09:00,21.0,0.00,0.00,1007.8,6.8,20.3,86
2025-07-18T10:00,20.9,0.00,0.00,1008.1,6.3,20.3,85
2025-07-18T11:00,21.0,0.00,0.00,1008.5,6.0,20.3,84
2025-07-18T12:00,20.8,0.00,0.00,1008.7,5.5,20.2,85
2025-07-18T13:00,21.8,0.00,0.00,1009.8,7.1,20.5,81
2025-07-18T14:00,23.1,0.00,0.00,1010.3,8.2,21.3,77
2025-07-18T15:00,24.6,0.00,0.00,1010.4,7.4,22.5,73
2025-07-18T16:00,25.9,0.00,0.00,1010.1,7.4,23.6,69
2025-07-18T17:00,27.2,0.00,0.00,1009.5,7.9,25.0,64
2025-07-18T18:00,28.5,0.00,0.00,1008.1,8.1,26.5,61
2025-07-18T19:00,29.4,0.00,0.00,1007.1,8.4,27.5,58
2025-07-18T20:00,29.4,0.00,0.00,1006.1,10.1,27.6,59
2025-07-18T21:00,29.4,0.00,0.00,1006.0,10.0,27.7,60
2025-07-18T22:00,28.8,0.00,0.00,1006.3,11.5,27.4,61
2025-07-18T23:00,27.4,0.00,0.00,1007.1,13.0,26.5,65
2025-07-19T00:00,26.2,0.00,0.00,1007.4,13.3,25.6,70
2025-07-19T01:00,24.7,0.00,0.00,1008.7,13.2,24.0,72
2025-07-19T02:00,23.7,0.00,0.00,1009.9,12.3,22.8,75
2025-07-19T03:00,22.8,0.00,0.00,1010.4,12.2,22.0,77
2025-07-19T04:00,22.3,0.00,0.00,1010.8,11.2,21.4,79
2025-07-19T05:00,22.0,0.00,0.00,1010.7,11.2,21.2,81
2025-07-19T06:00,21.6,0.00,0.00,1010.2,10.2,20.8,82
2025-07-19T07:00,21.4,0.00,0.00,1009.5,7.9,20.6,83
2025-07-19T08:00,21.3,0.00,0.00,1009.5,6.1,20.5,82
2025-07-19T09:00,21.1,0.00,0.00,1008.9,5.1,20.4,83
2025-07-19T10:00,21.0,0.00,0.00,1009.4,4.1,20.3,84
2025-07-19T11:00,20.7,0.00,0.00,1009.4,4.1,20.2,86
2025-07-19T12:00,20.6,0.00,0.00,1010.0,5.1,20.1,86
2025-07-19T13:00,21.7,0.00,0.00,1010.9,5.9,20.3,81
2025-07-19T14:00,23.1,0.00,0.00,1011.7,6.7,21.3,76
2025-07-19T15:00,24.7,0.00,0.00,1011.5,5.8,22.6,71
2025-07-19T16:00,26.3,0.00,0.00,1011.2,5.6,23.9,67
2025-07-19T17:00,27.7,0.00,0.00,1010.7,5.6,25.2,62
2025-07-19T18:00,28.9,0.00,0.00,1009.3,6.4,26.5,59
2025-07-19T19:00,29.5,0.00,0.00,1008.3,8.2,27.6,56
2025-07-19T20:00,29.8,0.00,0.00,1007.8,8.2,27.9,56
2025-07-19T21:00,29.9,0.00,0.00,1007.4,7.5,28.2,56
2025-07-19T22:00,29.5,0.00,0.00,1007.7,7.9,28.3,57
2025-07-19T23:00,28.2,0.00,0.00,1008.4,11.1,27.4,63
2025-07-20T00:00,26.9,0.00,0.00,1009.1,16.1,26.1,67
2025-07-20T01:00,25.0,0.00,0.00,1010.3,16.9,24.0,69
2025-07-20T02:00,23.5,0.00,0.00,1011.2,15.0,22.5,71
2025-07-20T03:00,22.6,0.00,0.00,1011.8,13.2,21.7,74
2025-07-20T04:00,22.1,0.00,0.00,1011.8,13.8,21.1,77
2025-07-20T05:00,21.8,0.00,0.00,1011.8,12.2,20.9,77
2025-07-20T06:00,21.4,0.00,0.00,1011.6,10.8,20.6,80
2025-07-20T07:00,21.3,0.00,0.00,1011.3,10.0,20.4,81
2025-07-20T08:00,21.2,0.00,0.00,1010.9,6.9,20.3,83
2025-07-20T09:00,21.1,0.00,0.00,1010.7,7.1,20.3,84
2025-07-20T10:00,21.0,0.00,0.00,1010.9,6.4,20.2,85
2025-07-20T11:00,20.9,0.00,0.00,1011.3,6.4,20.1,85
2025-07-20T12:00,20.6,0.00,0.00,1011.4,6.6,19.8,86
2025-07-20T13:00,21.5,0.00,0.00,1012.3,8.8,20.1,83
2025-07-20T14:00,22.7,0.00,0.00,1012.8,9.2,20.9,79
2025-07-20T15:00,24.2,0.00,0.00,1012.7,9.2,22.0,73
2025-07-20T16:00,25.6,0.00,0.00,1012.4,8.4,23.2,67
2025-07-20T17:00,27.1,0.00,0.00,1011.6,7.6,24.5,61
2025-07-20T18:00,28.6,0.00,0.00,1010.6,6.6,26.0,57
2025-07-20T19:00,29.4,0.00,0.00,1009.0,6.6,26.8,55
2025-07-20T20:00,29.9,0.00,0.00,1008.3,5.9,27.7,54
2025-07-20T21:00,29.8,0.00,0.00,1007.7,8.3,28.0,55
2025-07-20T22:00,29.2,0.00,0.00,1008.1,10.3,27.8,57
2025-07-20T23:00,27.5,0.00,0.00,1008.5,13.0,26.5,62
2025-07-21T00:00,26.2,0.00,0.00,1009.0,12.7,25.5,68
2025-07-21T01:00,24.8,0.00,0.00,1010.0,12.7,24.1,70
2025-07-21T02:00,23.7,0.00,0.00,1010.8,10.7,23.0,73
2025-07-21T03:00,23.0,0.00,0.00,1011.0,10.7,22.3,75
2025-07-21T04:00,22.3,0.00,0.00,1011.2,11.0,21.5,77
2025-07-21T05:00,21.9,0.00,0.00,1011.6,11.3,21.1,79
2025-07-21T06:00,21.6,0.00,0.00,1011.3,10.7,20.7,82
2025-07-21T07:00,21.2,0.00,0.00,1011.1,10.5,20.3,84
2025-07-21T08:00,21.1,0.00,0.00,1011.1,10.5,20.2,84
2025-07-21T09:00,20.9,0.00,0.00,1011.0,9.9,20.0,85
2025-07-21T10:00,20.8,0.00,0.00,1011.1,9.8,19.9,85
2025-07-21T11:00,20.8,0.00,0.00,1010.9,9.0,19.9,85
2025-07-21T12:00,20.7,0.00,0.00,1011.1,9.1,19.7,86
2025-07-21T13:00,21.4,0.00,0.00,1011.9,10.1,20.0,83
2025-07-21T14:00,22.6,0.00,0.00,1012.5,9.2,20.8,77
2025-07-21T15:00,23.9,0.00,0.00,1012.7,8.9,21.9,71
2025-07-21T16:00,25.1,0.00,0.00,1012.2,7.9,23.0,67
2025-07-21T17:00,26.4,0.00,0.00,1011.4,7.5,24.0,63
2025-07-21T18:00,28.4,0.00,0.00,1010.2,8.5,25.9,57
2025-07-21T19:00,28.9,0.00,0.00,1009.0,8.6,26.7,56
2025-07-21T20:00,29.0,0.00,0.00,1008.1,9.2,27.0,56
2025-07-21T21:00,28.9,0.00,0.00,1007.7,9.2,27.1,57
2025-07-21T22:00,28.4,0.00,0.00,1007.9,9.7,27.0,59
2025-07-21T23:00,27.3,0.00,0.00,1008.5,11.0,26.4,62
2025-07-22T00:00,25.9,0.00,0.00,1008.9,9.5,25.5,69
2025-07-22T01:00,24.7,0.00,0.00,1010.0,10.2,24.3,73
2025-07-22T02:00,23.8,0.00,0.00,1010.8,10.2,23.3,74
2025-07-22T03:00,23.1,0.00,0.00,1011.8,9.7,22.5,75
2025-07-22T04:00,22.6,0.00,0.00,1012.1,9.3,21.9,77
2025-07-22T05:00,22.1,0.00,0.00,1012.1,9.9,21.4,79
2025-07-22T06:00,21.7,0.00,0.00,1012.0,10.7,21.0,81
2025-07-22T07:00,21.3,0.00,0.00,1011.2,11.0,20.5,83
2025-07-22T08:00,21.0,0.00,0.00,1010.6,9.9,20.2,85
2025-07-22T09:00,20.7,0.00,0.00,1010.3,8.4,19.9,86
2025-07-22T10:00,20.7,0.00,0.00,1010.6,7.2,19.9,85
2025-07-22T11:00,20.6,0.00,0.00,1010.9,7.6,19.8,85
2025-07-22T12:00,20.8,0.00,0.00,1010.9,7.3,20.0,85
2025-07-22T13:00,21.4,0.00,0.00,1011.6,8.7,20.2,83
2025-07-22T14:00,22.7,0.00,0.00,1012.0,9.5,21.0,79
2025-07-22T15:00,24.1,0.00,0.00,1011.9,10.0,22.1,74
2025-07-22T16:00,25.3,0.00,0.00,1011.3,8.9,23.2,70
2025-07-22T17:00,26.2,0.00,0.00,1010.5,7.7,24.3,66
2025-07-22T18:00,26.9,0.00,0.00,1009.9,6.6,25.1,64
2025-07-22T19:00,27.4,0.00,0.00,1009.0,5.9,25.7,62
2025-07-22T20:00,28.0,0.00,0.00,1008.3,5.7,26.3,60
2025-07-22T21:00,28.4,0.00,0.00,1008.2,6.6,26.8,59
2025-07-22T22:00,28.0,0.00,0.00,1008.3,8.4,26.8,60
2025-07-22T23:00,27.0,0.00,0.00,1009.0,10.2,26.1,64
2025-07-23T00:00,25.7,0.00,0.00,1009.5,9.4,25.3,70
2025-07-23T01:00,24.6,0.00,0.00,1010.7,9.4,24.2,73
2025-07-23T02:00,23.8,0.00,0.00,1011.6,8.4,23.3,75
2025-07-23T03:00,23.1,0.00,0.00,1012.2,7.9,22.6,77
2025-07-23T04:00,22.5,0.00,0.00,1012.0,8.7,21.9,79
2025-07-23T05:00,22.0,0.00,0.00,1012.1,9.7,21.3,81
2025-07-23T06:00,21.3,0.00,0.00,1011.9,11.0,20.6,85
2025-07-23T07:00,21.0,0.00,0.00,1011.3,10.3,20.2,86
2025-07-23T08:00,20.7,0.00,0.00,1010.6,9.3,19.9,88
2025-07-23T09:00,20.6,0.00,0.00,1010.5,8.6,19.8,88
2025-07-23T10:00,20.6,0.00,0.00,1010.7,7.1,19.8,87
2025-07-23T11:00,20.6,0.00,0.00,1011.1,6.5,19.8,87
2025-07-23T12:00,20.5,0.00,0.00,1011.6,6.2,19.6,87
2025-07-23T13:00,21.3,0.00,0.00,1012.5,7.2,19.9,84
2025-07-23T14:00,22.8,0.00,0.00,1013.2,7.4,20.9,77
2025-07-23T15:00,24.5,0.00,0.00,1013.1,6.4,22.2,71
2025-07-23T16:00,26.1,0.00,0.00,1012.4,5.3,23.5,66
2025-07-23T17:00,27.5,0.00,0.00,1011.4,4.9,24.8,62
2025-07-23T18:00,28.1,0.00,0.00,1010.1,6.1,25.5,61
2025-07-23T19:00,29.1,0.00,0.00,1009.1,7.1,26.6,57
2025-07-23T20:00,29.3,0.00,0.00,1008.4,8.0,27.0,57
2025-07-23T21:00,28.9,0.00,0.00,1008.0,9.7,27.0,60
2025-07-23T22:00,27.9,0.00,0.00,1008.3,12.2,26.4,63
2025-07-23T23:00,26.6,0.00,0.00,1008.8,12.7,25.4,68
2025-07-24T00:00,24.9,0.00,0.00,1009.8,13.5,24.0,74
2025-07-24T01:00,23.8,0.00,0.00,1010.7,13.2,23.0,76
2025-07-24T02:00,23.0,0.00,0.00,1011.8,12.7,22.1,78
2025-07-24T03:00,22.3,0.00,0.00,1012.4,12.5,21.4,81
2025-07-24T04:00,21.8,0.00,0.00,1012.8,13.0,20.8,82
2025-07-24T05:00,21.4,0.00,0.00,1012.9,12.8,20.4,84
2025-07-24T06:00,21.2,0.00,0.00,1012.3,12.9,20.2,87
2025-07-24T07:00,21.1,0.00,0.00,1012.2,10.5,20.2,87
2025-07-24T08:00,21.1,0.00,0.00,1011.8,9.6,20.1,87
2025-07-24T09:00,21.0,0.00,0.00,1012.0,8.7,20.1,86
2025-07-24T10:00,20.9,0.00,0.00,1012.1,9.2,20.0,86
2025-07-24T11:00,20.8,0.00,0.00,1012.3,9.4,19.9,87
2025-07-24T12:00,21.0,0.00,0.00,1012.6,8.5,20.0,88
2025-07-24T13:00,21.5,0.00,0.00,1013.0,10.1,20.3,84
2025-07-24T14:00,22.4,0.00,0.00,1013.5,9.7,20.8,81
2025-07-24T15:00,23.6,0.00,0.00,1013.5,9.5,21.7,77
2025-07-24T16:00,24.8,0.00,0.00,1013.3,8.2,22.7,73
2025-07-24T17:00,26.4,0.00,0.00,1012.4,6.9,24.2,67
2025-07-24T18:00,26.9,0.00,0.00,1011.4,7.4,24.8,65
2025-07-24T19:00,27.7,0.00,0.00,1009.7,6.4,25.7,62
2025-07-24T20:00,28.3,0.00,0.00,1008.5,5.2,26.4,60
2025-07-24T21:00,28.4,0.00,0.00,1007.9,5.4,26.7,60
2025-07-24T22:00,28.1,0.00,0.00,1008.1,6.6,26.8,61
2025-07-24T23:00,27.4,0.00,0.00,1008.5,7.2,26.7,63
2025-07-25T00:00,27.0,0.00,0.00,1008.8,8.0,26.6,68
2025-07-25T01:00,25.7,0.00,0.00,1009.6,10.8,25.2,75
2025-07-25T02:00,24.6,0.00,0.00,1010.6,12.0,23.8,78
2025-07-25T03:00,23.7,0.00,0.00,1011.5,11.7,22.9,80
2025-07-25T04:00,23.0,0.00,0.00,1011.7,12.2,22.0,82
2025-07-25T05:00,22.3,0.00,0.00,1011.9,12.2,21.4,85
2025-07-25T06:00,21.8,0.00,0.00,1011.4,11.7,20.9,87
2025-07-25T07:00,21.5,0.00,0.00,1011.0,10.7,20.6,87
2025-07-25T08:00,21.2,0.00,0.00,1010.2,9.4,20.4,88
2025-07-25T09:00,21.0,0.00,0.00,1010.3,8.2,20.2,89
2025-07-25T10:00,20.9,0.00,0.00,1010.7,7.9,20.1,88
2025-07-25T11:00,20.7,0.00,0.00,1011.0,7.6,20.0,88
2025-07-25T12:00,20.8,0.00,0.00,1011.1,6.3,20.0,87
2025-07-25T13:00,21.6,0.00,0.00,1011.6,8.2,20.2,84
2025-07-25T14:00,23.0,0.00,0.00,1011.8,9.6,21.1,78
2025-07-25T15:00,24.5,0.00,0.00,1011.6,10.5,22.4,73
2025-07-25T16:00,25.9,0.00,0.00,1011.1,10.0,23.5,69
2025-07-25T17:00,27.2,0.00,0.00,1010.3,9.1,24.9,64
2025-07-25T18:00,27.8,0.00,0.00,1009.5,8.6,25.5,61
2025-07-25T19:00,28.5,0.00,0.00,1008.6,8.4,26.3,59
2025-07-25T20:00,28.6,0.00,0.00,1007.7,9.4,26.5,60
2025-07-25T21:00,28.4,0.00,0.00,1007.5,10.1,26.6,61
2025-07-25T22:00,27.9,0.00,0.00,1007.5,11.6,26.4,62
2025-07-25T23:00,26.7,0.00,0.00,1008.1,12.8,25.7,67
2025-07-26T00:00,25.4,0.00,0.00,1008.3,13.0,24.7,73
2025-07-26T01:00,24.1,0.00,0.00,1009.2,13.1,23.3,77
2025-07-26T02:00,22.9,0.00,0.00,1010.3,13.0,22.1,79
2025-07-26T03:00,22.1,0.00,0.00,1011.4,13.2,21.2,82
2025-07-26T04:00,21.5,0.00,0.00,1011.6,12.8,20.6,84
2025-07-26T05:00,21.2,0.00,0.00,1011.3,11.4,20.3,85
2025-07-26T06:00,21.2,0.00,0.00,1010.6,11.4,20.3,85
2025-07-26T07:00,21.1,0.00,0.00,1010.1,9.7,20.2,85
2025-07-26T08:00,21.0,0.00,0.00,1009.9,8.4,20.1,86
2025-07-26T09:00,20.8,0.00,0.00,1010.0,8.2,19.9,87
2025-07-26T10:00,20.6,0.00,0.00,1010.1,8.0,19.8,87
2025-07-26T11:00,20.5,0.00,0.00,1010.4,7.9,19.7,87
2025-07-26T12:00,20.5,0.00,0.00,1010.6,7.5,19.6,87
2025-07-26T13:00,21.3,0.00,0.00,1011.1,7.2,20.0,84
2025-07-26T14:00,22.6,0.00,0.00,1011.6,7.6,20.8,79
2025-07-26T15:00,24.3,0.00,0.00,1011.8,7.8,22.1,74
2025-07-26T16:00,25.7,0.00,0.00,1011.5,7.4,23.4,70
2025-07-26T17:00,26.5,0.00,0.00,1010.6,6.8,24.4,66
2025-07-26T18:00,27.1,0.00,0.00,1009.4,8.7,24.9,65
2025-07-26T19:00,27.6,0.00,0.00,1008.5,8.1,25.5,64
2025-07-26T20:00,28.3,0.00,0.00,1007.6,8.6,26.4,60
2025-07-26T21:00,28.3,0.00,0.00,1007.7,10.5,26.6,61
2025-07-26T22:00,27.3,0.00,0.00,1008.1,11.8,25.9,66
2025-07-26T23:00,25.8,0.00,0.00,1008.3,12.3,24.7,73
2025-07-27T00:00,25.3,0.00,0.00,1008.0,12.0,24.6,76
2025-07-27T01:00,24.1,0.00,0.00,1009.1,13.2,23.4,79
2025-07-27T02:00,23.0,0.00,0.00,1010.1,12.8,22.2,81
2025-07-27T03:00,22.2,0.00,0.00,1010.7,12.0,21.3,83
2025-07-27T04:00,21.6,0.00,0.00,1010.9,11.2,20.7,85
2025-07-27T05:00,21.2,0.00,0.00,1011.2,10.5,20.3,86
2025-07-27T06:00,20.8,0.00,0.00,1010.7,10.0,20.0,87
2025-07-27T07:00,20.7,0.00,0.00,1010.2,8.9,19.8,87
2025-07-27T08:00,20.6,0.00,0.00,1009.8,8.3,19.6,88
2025-07-27T09:00,20.5,0.00,0.00,1009.8,6.7,19.6,88
2025-07-27T10:00,20.5,0.00,0.00,1010.4,5.9,19.6,87
2025-07-27T11:00,20.5,0.00,0.00,1010.8,6.8,19.6,86
2025-07-27T12:00,20.5,0.00,0.00,1011.4,7.3,19.6,86
2025-07-27T13:00,21.1,0.00,0.00,1011.7,8.4,19.8,84
2025-07-27T14:00,22.3,0.00,0.00,1012.3,8.7,20.6,79
2025-07-27T15:00,23.9,0.00,0.00,1012.2,7.9,21.9,74
2025-07-27T16:00,25.2,0.00,0.00,1012.2,6.4,23.1,71
2025-07-27T17:00,26.3,0.00,0.00,1011.2,5.7,24.2,67
2025-07-27T18:00,26.8,0.00,0.00,1010.1,8.2,24.9,66
2025-07-27T19:00,27.4,0.00,0.00,1009.3,7.6,25.6,65
2025-07-27T20:00,27.6,0.00,0.00,1009.1,9.2,26.0,64
2025-07-27T21:00,26.8,0.00,0.00,1008.7,12.5,25.4,67
2025-07-27T22:00,25.8,0.00,0.00,1009.3,14.0,24.5,70
2025-07-27T23:00,24.7,0.00,0.00,1009.5,13.8,23.7,72
2025-07-28T00:00,23.4,0.00,0.00,1010.1,13.1,22.5,76
2025-07-28T01:00,22.4,0.00,0.00,1010.9,12.9,21.6,78
2025-07-28T02:00,21.9,0.00,0.00,1011.4,11.8,21.1,80
2025-07-28T03:00,21.5,0.00,0.00,1012.2,11.3,20.7,82
2025-07-28T04:00,21.2,0.00,0.00,1012.3,10.3,20.4,83
2025-07-28T05:00,20.9,0.00,0.00,1012.5,9.5,20.1,84
2025-07-28T06:00,20.6,0.00,0.00,1012.5,10.1,19.7,86
2025-07-28T07:00,20.4,0.00,0.00,1011.9,8.8,19.5,87
2025-07-28T08:00,20.3,0.00,0.00,1012.0,8.0,19.4,88
2025-07-28T09:00,20.3,0.00,0.00,1011.7,7.2,19.4,88
2025-07-28T10:00,20.2,0.00,0.00,1011.9,6.0,19.3,88
2025-07-28T11:00,20.2,0.00,0.00,1012.0,5.5,19.3,88
2025-07-28T12:00,20.3,0.00,0.00,1012.7,6.3,19.3,88
2025-07-28T13:00,20.8,0.00,0.00,1012.7,7.0,19.6,86
2025-07-28T14:00,22.0,0.00,0.00,1013.3,6.3,20.4,82
2025-07-28T15:00,23.1,0.00,0.00,1012.9,5.2,21.3,79
2025-07-28T16:00,24.6,0.00,0.00,1012.9,4.1,22.6,74
2025-07-28T17:00,25.9,0.00,0.00,1012.2,3.1,23.8,70
2025-07-28T18:00,26.3,0.00,0.00,1011.7,3.3,24.3,67
2025-07-28T19:00,27.4,0.00,0.00,1010.6,3.4,25.4,63
2025-07-28T20:00,27.8,0.00,0.00,1009.9,5.1,25.9,63
2025-07-28T21:00,27.7,0.00,0.00,1009.2,6.8,26.0,64
2025-07-28T22:00,27.2,0.00,0.00,1009.3,7.6,25.8,66
2025-07-28T23:00,26.3,0.00,0.00,1009.4,10.1,25.5,68
2025-07-29T00:00,24.5,0.00,0.00,1010.5,13.4,23.7,76
2025-07-29T01:00,22.9,0.00,0.00,1011.3,13.5,22.0,80
2025-07-29T02:00,22.2,0.00,0.00,1012.1,12.0,21.3,81
2025-07-29T03:00,21.7,0.00,0.00,1012.4,11.5,20.9,82
2025-07-29T04:00,21.3,0.00,0.00,1012.7,11.0,20.5,83
2025-07-29T05:00,21.0,0.00,0.00,1012.8,11.1,20.2,84
2025-07-29T06:00,20.4,0.00,0.00,1012.6,11.0,19.6,85
2025-07-29T07:00,20.3,0.00,0.00,1012.2,11.1,19.4,87
2025-07-29T08:00,20.2,0.00,0.00,1012.1,10.2,19.3,87
2025-07-29T09:00,20.1,0.00,0.00,1012.4,8.5,19.2,88
2025-07-29T10:00,20.1,0.00,0.00,1013.0,7.8,19.2,88
2025-07-29T11:00,20.0,0.00,0.00,1013.0,7.4,19.2,87
2025-07-29T12:00,20.1,0.00,0.00,1013.3,7.1,19.2,88
2025-07-29T13:00,20.8,0.00,0.00,1013.7,7.4,19.5,85
2025-07-29T14:00,22.1,0.00,0.00,1014.2,7.8,20.4,81
2025-07-29T15:00,23.6,0.00,0.00,1014.1,7.4,21.5,76
2025-07-29T16:00,25.0,0.00,0.00,1013.5,6.5,22.7,72
2025-07-29T17:00,26.1,0.00,0.00,1012.6,4.3,23.8,68
2025-07-29T18:00,26.6,0.00,0.00,1011.7,5.5,24.3,67
2025-07-29T19:00,27.7,0.00,0.00,1010.7,5.8,25.5,63
2025-07-29T20:00,27.9,0.00,0.00,1009.8,8.2,25.8,64
2025-07-29T21:00,27.7,0.00,0.00,1009.3,9.8,25.9,65
2025-07-29T22:00,27.0,0.00,0.00,1009.5,11.6,25.6,66
2025-07-29T23:00,25.9,0.00,0.00,1010.2,12.9,24.9,70
2025-07-30T00:00,24.6,0.00,0.00,1010.9,11.2,23.9,77
2025-07-30T01:00,23.6,0.00,0.00,1011.8,11.5,22.9,80
2025-07-30T02:00,22.9,0.00,0.00,1013.1,10.4,22.2,82
2025-07-30T03:00,22.4,0.00,0.00,1013.6,10.7,21.6,83
2025-07-30T04:00,22.0,0.00,0.00,1014.1,10.5,21.2,84
2025-07-30T05:00,21.7,0.00,0.00,1013.9,10.2,20.8,84
2025-07-30T06:00,21.4,0.00,0.00,1013.5,9.7,20.5,86
2025-07-30T07:00,21.0,0.00,0.00,1012.8,9.2,20.2,87
2025-07-30T08:00,20.8,0.00,0.00,1012.5,8.2,20.0,88
2025-07-30T09:00,20.7,0.00,0.00,1012.0,7.1,19.8,89
2025-07-30T10:00,20.6,0.00,0.00,1012.0,6.9,19.7,88
2025-07-30T11:00,20.4,0.00,0.00,1012.0,6.8,19.6,88
2025-07-30T12:00,20.6,0.00,0.00,1012.4,6.8,19.8,88
2025-07-30T13:00,21.3,0.00,0.00,1013.2,7.6,20.0,85
2025-07-30T14:00,22.5,0.00,0.00,1013.6,6.9,20.7,80
2025-07-30T15:00,23.9,0.00,0.00,1013.9,6.2,21.8,75
2025-07-30T16:00,25.3,0.00,0.00,1013.4,5.9,22.9,70
2025-07-30T17:00,26.6,0.00,0.00,1012.7,5.6,24.2,65
2025-07-30T18:00,28.0,0.00,0.00,1011.0,3.6,25.6,61
2025-07-30T19:00,28.9,0.00,0.00,1009.7,4.8,26.9,58
2025-07-30T20:00,29.3,0.00,0.00,1009.1,5.8,27.4,57
2025-07-30T21:00,28.9,0.00,0.00,1008.6,7.3,27.2,60
2025-07-30T22:00,28.0,0.00,0.00,1009.2,8.7,26.7,64
2025-07-30T23:00,26.9,0.00,0.00,1009.9,8.6,26.1,68
2025-07-31T00:00,25.8,0.00,0.00,1010.5,11.2,25.2,75
2025-07-31T01:00,24.5,0.00,0.00,1011.5,12.7,23.7,78
2025-07-31T02:00,23.6,0.00,0.00,1012.1,11.7,22.7,79
2025-07-31T03:00,22.8,0.00,0.00,1012.7,11.8,21.9,83
2025-07-31T04:00,22.3,0.00,0.00,1012.7,11.7,21.5,84
2025-07-31T05:00,22.0,0.00,0.00,1012.7,11.2,21.2,85
2025-07-31T06:00,21.7,0.00,0.00,1012.4,10.7,20.9,86
2025-07-31T07:00,21.4,0.00,0.00,1012.1,9.4,20.6,87
2025-07-31T08:00,21.1,0.00,0.00,1011.7,8.0,20.4,88
2025-07-31T09:00,21.0,0.00,0.00,1011.6,6.2,20.3,86
2025-07-31T10:00,20.8,0.00,0.00,1011.6,5.5,20.2,86
2025-07-31T11:00,20.7,0.00,0.00,1011.7,5.0,20.1,87
2025-07-31T12:00,20.4,0.00,0.00,1012.0,3.9,19.8,88
2025-07-31T13:00,21.4,0.00,0.00,1012.3,4.0,20.1,84
2025-07-31T14:00,23.0,0.00,0.00,1012.6,3.4,21.2,78
2025-07-31T15:00,24.6,0.00,0.00,1012.5,2.1,22.5,72
2025-07-31T16:00,26.0,0.00,0.00,1012.1,1.3,23.8,67
2025-07-31T17:00,27.5,0.00,0.00,1011.2,0.4,25.2,64
2025-07-31T18:00,28.7,0.00,0.00,1010.2,1.1,26.2,62
2025-07-31T19:00,29.7,0.00,0.00,1009.3,3.0,27.4,58
2025-07-31T20:00,30.1,0.00,0.00,1008.6,3.3,28.2,56
2025-07-31T21:00,30.2,0.00,0.00,1008.3,3.9,28.6,57
2025-07-31T22:00,29.4,0.00,0.00,1008.8,9.8,28.1,60
2025-07-31T23:00,26.2,0.00,0.00,1009.4,14.5,25.0,72
2025-08-01T00:00,25.1,0.00,0.00,1009.8,14.6,24.3,77
2025-08-01T01:00,23.9,0.00,0.00,1010.9,15.5,23.1,78
2025-08-01T02:00,22.7,0.00,0.00,1012.1,15.3,21.8,81
2025-08-01T03:00,22.0,0.00,0.00,1012.7,14.5,21.0,82
2025-08-01T04:00,21.5,0.00,0.00,1012.9,12.7,20.5,84
2025-08-01T05:00,21.1,0.00,0.00,1013.0,10.5,20.2,86
2025-08-01T06:00,20.8,0.00,0.00,1013.2,10.7,19.8,87
2025-08-01T07:00,20.7,0.00,0.00,1013.0,9.8,19.8,87
2025-08-01T08:00,20.6,0.00,0.00,1012.9,8.7,19.7,87
2025-08-01T09:00,20.6,0.00,0.00,1012.5,8.2,19.6,86
2025-08-01T10:00,20.6,0.00,0.00,1012.9,8.0,19.7,86
2025-08-01T11:00,20.5,0.00,0.00,1013.1,7.5,19.6,86
2025-08-01T12:00,20.7,0.00,0.00,1013.6,8.2,19.7,87
2025-08-01T13:00,21.1,0.00,0.00,1014.2,8.9,19.9,86
2025-08-01T14:00,22.0,0.00,0.00,1014.7,9.4,20.4,83
2025-08-01T15:00,23.3,0.00,0.00,1014.8,9.2,21.2,79
2025-08-01T16:00,24.5,0.00,0.00,1014.1,7.4,22.3,75
2025-08-01T17:00,25.9,0.00,0.00,1013.2,6.1,23.4,70
2025-08-01T18:00,26.8,0.00,0.00,1012.1,6.4,24.2,67
2025-08-01T19:00,27.7,0.00,0.00,1011.3,6.4,25.3,64
2025-08-01T20:00,28.1,0.00,0.00,1010.4,5.9,26.0,63
2025-08-01T21:00,28.1,0.00,0.00,1009.9,6.3,26.3,63
2025-08-01T22:00,27.5,0.00,0.00,1010.0,7.8,26.2,65
2025-08-01T23:00,26.5,0.00,0.00,1010.4,9.8,25.6,68
2025-08-02T00:00,25.0,0.00,0.00,1011.1,9.9,24.4,76
2025-08-02T01:00,23.8,0.00,0.00,1011.8,10.8,23.1,80
2025-08-02T02:00,22.9,0.00,0.00,1012.0,10.6,22.2,83
2025-08-02T03:00,22.2,0.00,0.00,1012.4,10.5,21.5,84
2025-08-02T04:00,21.7,0.00,0.00,1012.5,10.2,20.9,86
2025-08-02T05:00,21.3,0.00,0.00,1012.9,9.7,20.5,88
2025-08-02T06:00,20.8,0.00,0.00,1013.0,10.2,20.0,88
2025-08-02T07:00,20.5,0.00,0.00,1012.3,9.2,19.8,88
2025-08-02T08:00,20.4,0.00,0.00,1011.8,7.9,19.6,88
2025-08-02T09:00,20.2,0.00,0.00,1011.6,6.6,19.5,89
2025-08-02T10:00,20.1,0.00,0.00,1012.1,6.4,19.5,89
2025-08-02T11:00,20.1,0.00,0.00,1012.5,5.5,19.4,89
2025-08-02T12:00,20.1,0.00,0.00,1012.9,6.6,19.3,90
2025-08-02T13:00,20.9,0.00,0.00,1013.3,8.2,19.6,87
2025-08-02T14:00,22.1,0.00,0.00,1013.7,9.4,20.3,82
2025-08-02T15:00,23.2,0.00,0.00,1013.8,8.9,21.2,78
2025-08-02T16:00,24.4,0.00,0.00,1013.7,7.9,22.2,75
2025-08-02T17:00,25.6,0.00,0.00,1013.3,6.4,23.2,71
2025-08-02T18:00,26.6,0.00,0.00,1012.3,4.4,24.5,68
2025-08-02T19:00,27.6,0.00,0.00,1011.4,4.5,25.3,64
2025-08-02T20:00,28.1,0.00,0.00,1010.5,4.3,26.1,64
2025-08-02T21:00,28.2,0.00,0.00,1010.1,7.3,26.5,63
2025-08-02T22:00,27.4,0.00,0.00,1010.5,10.4,26.1,66
2025-08-02T23:00,25.9,0.00,0.00,1010.7,12.4,24.9,71
2025-08-03T00:00,24.5,0.00,0.00,1011.5,15.0,23.7,76
2025-08-03T01:00,23.0,0.00,0.00,1011.9,15.6,22.1,81
2025-08-03T02:00,22.1,0.00,0.00,1012.6,14.0,21.2,84
2025-08-03T03:00,21.6,0.00,0.00,1013.0,13.0,20.8,85
2025-08-03T04:00,21.4,0.00,0.00,1013.1,13.0,20.5,86
2025-08-03T05:00,21.2,0.00,0.00,1012.9,12.3,20.3,88
2025-08-03T06:00,20.9,0.00,0.00,1012.3,12.0,20.0,89
2025-08-03T07:00,20.7,0.00,0.00,1011.6,10.8,19.8,90
2025-08-03T08:00,20.6,0.00,0.00,1011.5,8.7,19.7,90
2025-08-03T09:00,20.6,0.00,0.00,1011.4,8.8,19.7,89
2025-08-03T10:00,20.6,0.00,0.00,1012.0,7.9,19.8,90
2025-08-03T11:00,20.7,0.00,0.00,1012.5,6.0,19.9,90
2025-08-03T12:00,21.1,0.00,0.00,1013.0,7.4,20.1,90
2025-08-03T13:00,21.5,0.00,0.00,1012.8,7.6,20.3,89
2025-08-03T14:00,22.2,0.00,0.00,1012.9,7.7,20.8,86
2025-08-03T15:00,23.2,0.00,0.00,1012.8,8.4,21.4,81
2025-08-03T16:00,23.8,0.00,0.00,1012.4,7.9,22.1,79
2025-08-03T17:00,24.7,0.00,0.00,1012.0,7.9,22.7,76
2025-08-03T18:00,25.4,0.00,0.00,1011.1,7.4,23.5,74
2025-08-03T19:00,26.2,0.00,0.00,1010.2,6.1,24.4,70
2025-08-03T20:00,26.7,0.00,0.00,1009.0,5.2,25.0,69
2025-08-03T21:00,27.0,0.00,0.00,1008.6,6.0,25.5,67
2025-08-03T22:00,26.8,0.00,0.00,1008.6,8.1,25.6,67
2025-08-03T23:00,25.6,0.00,0.00,1009.1,11.6,24.7,73
2025-08-04T00:00,24.0,0.00,0.00,1010.1,14.1,23.2,79
2025-08-04T01:00,22.8,0.00,0.00,1011.4,15.5,21.9,82
2025-08-04T02:00,21.9,0.00,0.00,1012.3,13.6,21.0,84
2025-08-04T03:00,21.4,0.00,0.00,1013.0,12.5,20.5,85
2025-08-04T04:00,21.0,0.00,0.00,1012.9,12.0,20.1,86
2025-08-04T05:00,20.8,0.00,0.00,1013.1,11.3,20.0,87
2025-08-04T06:00,20.6,0.00,0.00,1012.2,10.2,19.7,89
2025-08-04T07:00,20.5,0.00,0.00,1012.0,9.7,19.6,89
2025-08-04T08:00,20.4,0.00,0.00,1011.7,8.9,19.5,89
2025-08-04T09:00,20.5,0.00,0.00,1011.7,8.7,19.6,89
2025-08-04T10:00,20.6,0.00,0.00,1012.1,7.9,19.7,89
2025-08-04T11:00,20.6,0.00,0.00,1012.3,8.4,19.7,89
2025-08-04T12:00,20.6,0.00,0.00,1012.7,9.2,19.6,89
2025-08-04T13:00,21.0,0.00,0.00,1013.2,10.2,19.8,87
2025-08-04T14:00,21.7,0.00,0.00,1013.9,10.9,20.3,85
2025-08-04T15:00,22.7,0.00,0.00,1014.0,11.5,20.9,82
2025-08-04T16:00,23.7,0.00,0.00,1013.6,12.0,21.7,77
2025-08-04T17:00,24.2,0.00,0.00,1012.7,11.2,22.2,76
2025-08-04T18:00,25.1,0.00,0.00,1012.0,8.5,23.2,74
2025-08-04T19:00,25.7,0.00,0.00,1011.1,7.9,23.9,71
2025-08-04T20:00,25.8,0.00,0.00,1010.3,9.9,24.1,71
2025-08-04T21:00,25.5,0.00,0.00,1009.9,10.6,24.0,73
2025-08-04T22:00,25.1,0.00,0.00,1010.2,11.1,23.9,74
2025-08-04T23:00,24.4,0.00,0.00,1010.8,11.7,23.5,77
2025-08-05T00:00,23.7,0.00,0.00,1011.5,11.8,23.0,80
2025-08-05T01:00,23.0,0.00,0.00,1012.7,11.5,22.2,81
2025-08-05T02:00,22.4,0.00,0.00,1013.8,10.9,21.6,83
2025-08-05T03:00,22.0,0.00,0.00,1014.2,10.7,21.2,83
2025-08-05T04:00,21.6,0.00,0.00,1014.1,9.5,20.9,84
2025-08-05T05:00,21.4,0.00,0.00,1013.8,8.3,20.7,84
2025-08-05T06:00,21.2,0.00,0.00,1013.8,7.1,20.5,86
2025-08-05T07:00,21.1,0.00,0.00,1013.2,6.1,20.4,86
2025-08-05T08:00,21.0,0.00,0.00,1012.9,5.4,20.3,86
2025-08-05T09:00,20.9,0.00,0.00,1012.5,4.1,20.2,87
2025-08-05T10:00,20.9,0.00,0.00,1012.5,4.5,20.3,87
2025-08-05T11:00,20.9,0.00,0.00,1012.6,4.2,20.3,87
2025-08-05T12:00,20.8,0.00,0.00,1013.3,3.6,20.3,89
2025-08-05T13:00,21.6,0.00,0.00,1013.7,4.7,20.4,86
2025-08-05T14:00,22.9,0.00,0.00,1014.3,3.9,21.3,81
2025-08-05T15:00,24.0,0.00,0.00,1014.3,4.3,22.2,77
2025-08-05T16:00,25.2,0.00,0.00,1014.0,3.3,23.2,73
2025-08-05T17:00,26.4,0.00,0.00,1013.7,1.8,24.4,69
2025-08-05T18:00,26.9,0.00,0.00,1012.9,0.5,25.1,66
2025-08-05T19:00,27.9,0.00,0.00,1011.9,2.1,26.2,62
2025-08-05T20:00,28.0,0.00,0.00,1011.1,4.3,26.3,63
2025-08-05T21:00,27.7,0.00,0.00,1010.7,5.7,26.2,66
2025-08-05T22:00,27.3,0.00,0.00,1010.9,5.4,26.1,68
2025-08-05T23:00,26.5,0.00,0.00,1011.0,6.5,25.7,72
2025-08-06T00:00,25.1,0.00,0.00,1011.8,7.9,24.7,78
2025-08-06T01:00,24.4,0.00,0.00,1012.6,8.9,24.0,80
2025-08-06T02:00,23.7,0.00,0.00,1013.8,9.7,23.1,85
2025-08-06T03:00,22.9,0.00,0.00,1014.1,9.4,22.3,88
2025-08-06T04:00,22.5,0.00,0.00,1014.2,7.8,21.9,88
2025-08-06T05:00,22.2,0.00,0.00,1014.1,6.4,21.7,88
2025-08-06T06:00,21.6,0.00,0.00,1014.1,6.1,21.0,89
2025-08-06T07:00,21.4,0.00,0.00,1013.6,5.9,20.9,90
2025-08-06T08:00,21.2,0.00,0.00,1013.1,5.9,20.7,91
2025-08-06T09:00,21.1,0.00,0.00,1013.1,6.0,20.7,90
2025-08-06T10:00,21.0,0.00,0.00,1012.9,5.6,20.6,91
2025-08-06T11:00,20.8,0.00,0.00,1013.5,4.9,20.4,91
2025-08-06T12:00,21.0,0.00,0.00,1013.8,4.7,20.5,92
2025-08-06T13:00,22.0,0.00,0.00,1014.9,6.6,20.7,88
2025-08-06T14:00,23.7,0.00,0.00,1015.4,6.6,22.2,81
2025-08-06T15:00,25.2,0.00,0.00,1015.6,4.9,23.6,76
2025-08-06T16:00,26.3,0.00,0.00,1015.3,3.3,24.7,72
2025-08-06T17:00,27.2,0.00,0.00,1014.7,2.5,25.5,69
2025-08-06T18:00,28.7,0.00,0.00,1013.8,1.3,26.8,63
2025-08-06T19:00,29.4,0.00,0.00,1012.5,2.4,27.5,60
2025-08-06T20:00,29.5,0.00,0.00,1011.3,5.1,27.8,60
2025-08-06T21:00,29.2,0.00,0.00,1010.7,7.2,27.7,62
2025-08-06T22:00,27.8,0.00,0.00,1010.5,12.6,26.5,68
2025-08-06T23:00,26.0,0.00,0.00,1010.8,13.4,25.0,76
2025-08-07T00:00,24.6,0.00,0.00,1011.6,13.7,23.8,83
2025-08-07T01:00,23.7,0.00,0.00,1012.6,12.2,23.0,84
2025-08-07T02:00,23.0,0.00,0.00,1013.2,11.2,22.3,86
2025-08-07T03:00,22.4,0.00,0.00,1013.4,10.2,21.8,89
2025-08-07T04:00,22.0,0.00,0.00,1013.4,10.0,21.4,90
2025-08-07T05:00,21.8,0.00,0.00,1013.5,10.2,21.1,90
2025-08-07T06:00,21.5,0.00,0.00,1013.9,9.7,20.9,91
2025-08-07T07:00,21.4,0.00,0.00,1013.1,9.7,20.6,91
2025-08-07T08:00,21.4,0.00,0.00,1012.7,9.7,20.5,91
2025-08-07T09:00,21.5,0.00,0.00,1012.4,9.0,20.6,90
2025-08-07T10:00,21.6,0.00,0.00,1012.8,8.8,20.7,90
2025-08-07T11:00,21.6,0.00,0.00,1013.5,8.8,20.8,90
2025-08-07T12:00,21.8,0.00,0.00,1014.0,7.7,21.0,90
2025-08-07T13:00,22.2,0.00,0.00,1014.8,8.3,21.1,88
2025-08-07T14:00,23.0,0.00,0.00,1015.1,9.3,21.7,84
2025-08-07T15:00,24.0,0.00,0.00,1015.3,9.2,22.4,81
2025-08-07T16:00,25.1,0.00,0.00,1015.0,9.1,23.5,76
2025-08-07T17:00,25.6,0.00,0.00,1014.5,8.5,23.9,75
2025-08-07T18:00,26.5,0.00,0.00,1013.8,8.2,25.0,71
2025-08-07T19:00,26.7,0.00,0.00,1012.8,8.4,25.2,71
2025-08-07T20:00,26.8,0.00,0.00,1011.8,8.4,25.4,71
2025-08-07T21:00,26.6,0.00,0.00,1011.5,8.9,25.4,72
2025-08-07T22:00,26.2,0.00,0.00,1011.4,11.2,25.2,72
2025-08-07T23:00,25.4,0.00,0.00,1011.8,12.0,24.6,76
2025-08-08T00:00,25.1,0.00,0.00,1012.3,11.5,24.5,78
2025-08-08T01:00,24.2,0.00,0.00,1012.9,10.7,23.6,81
2025-08-08T02:00,23.4,0.00,0.00,1013.3,10.7,22.7,83
2025-08-08T03:00,22.7,0.00,0.00,1013.5,11.2,22.0,86
2025-08-08T04:00,22.2,0.00,0.00,1013.8,10.4,21.5,88
2025-08-08T05:00,21.9,0.00,0.00,1013.7,8.7,21.2,89
2025-08-08T06:00,21.5,0.00,0.00,1013.3,7.3,20.8,90
2025-08-08T07:00,21.3,0.00,0.00,1012.6,6.4,20.7,89
2025-08-08T08:00,21.2,0.00,0.00,1012.0,5.6,20.6,89
2025-08-08T09:00,21.1,0.00,0.00,1011.6,5.1,20.5,90
2025-08-08T10:00,21.1,0.00,0.00,1012.0,5.1,20.6,90
2025-08-08T11:00,21.0,0.00,0.00,1012.1,5.1,20.5,90
2025-08-08T12:00,21.1,0.00,0.00,1011.9,5.8,20.5,90
2025-08-08T13:00,22.1,0.00,0.00,1012.3,8.0,20.8,86
2025-08-08T14:00,23.7,0.00,0.00,1012.6,9.7,22.2,78
2025-08-08T15:00,25.2,0.00,0.00,1012.9,8.5,23.4,72
2025-08-08T16:00,26.6,0.00,0.00,1012.5,6.9,24.7,67
2025-08-08T17:00,28.0,0.00,0.00,1011.8,5.1,26.0,61
2025-08-08T18:00,28.7,0.00,0.00,1010.5,3.8,26.7,60
2025-08-08T19:00,29.5,0.00,0.00,1009.6,3.6,27.6,56
2025-08-08T20:00,29.8,0.00,0.00,1008.9,4.6,28.0,56
2025-08-08T21:00,29.7,0.00,0.00,1008.5,6.5,28.2,56
2025-08-08T22:00,29.3,0.00,0.00,1008.6,10.2,28.1,58
2025-08-08T23:00,26.9,0.00,0.00,1009.5,16.4,25.9,70
2025-08-09T00:00,25.3,0.00,0.00,1010.1,14.1,24.6,76
2025-08-09T01:00,24.1,0.00,0.00,1011.0,12.3,23.4,79
2025-08-09T02:00,23.2,0.00,0.00,1011.8,10.9,22.5,82
2025-08-09T03:00,22.5,0.00,0.00,1012.3,11.2,21.7,85
2025-08-09T04:00,22.0,0.00,0.00,1012.7,12.0,21.2,87
2025-08-09T05:00,21.7,0.00,0.00,1012.7,11.8,20.9,88
2025-08-09T06:00,21.5,0.00,0.00,1012.8,11.2,20.7,89
2025-08-09T07:00,21.4,0.00,0.00,1011.9,9.6,20.6,89
2025-08-09T08:00,21.2,0.00,0.00,1011.6,8.1,20.4,89
2025-08-09T09:00,21.1,0.00,0.00,1011.6,7.4,20.3,88
2025-08-09T10:00,21.0,0.00,0.00,1012.0,6.3,20.3,88
2025-08-09T11:00,20.9,0.00,0.00,1012.1,6.0,20.2,89
2025-08-09T12:00,20.8,0.00,0.00,1012.3,5.4,20.1,88
2025-08-09T13:00,21.7,0.00,0.00,1012.7,6.4,20.4,84
2025-08-09T14:00,23.1,0.00,0.00,1013.2,6.6,21.4,78
2025-08-09T15:00,24.7,0.00,0.00,1012.9,5.1,22.6,73
2025-08-09T16:00,26.2,0.00,0.00,1012.7,4.1,23.9,68
2025-08-09T17:00,27.5,0.00,0.00,1011.8,4.6,25.0,64
2025-08-09T18:00,28.1,0.00,0.00,1010.7,6.1,25.6,62
2025-08-09T19:00,28.8,0.00,0.00,1009.4,7.0,26.5,60
2025-08-09T20:00,29.0,0.00,0.00,1008.4,8.0,26.8,59
2025-08-09T21:00,29.0,0.00,0.00,1008.0,8.8,27.1,59
2025-08-09T22:00,28.7,0.00,0.00,1008.5,10.0,27.3,60
2025-08-09T23:00,27.3,0.00,0.00,1009.4,13.8,26.3,66
2025-08-10T00:00,25.0,0.00,0.00,1009.8,13.2,24.2,75
2025-08-10T01:00,23.9,0.00,0.00,1010.7,13.0,23.1,79
2025-08-10T02:00,23.1,0.00,0.00,1011.8,13.0,22.3,82
2025-08-10T03:00,22.3,0.00,0.00,1012.4,13.9,21.5,84
2025-08-10T04:00,21.9,0.00,0.00,1012.8,13.0,21.0,86
2025-08-10T05:00,21.7,0.00,0.00,1012.7,11.9,20.8,86
2025-08-10T06:00,21.3,0.00,0.00,1012.4,11.5,20.5,86
2025-08-10T07:00,21.1,0.00,0.00,1011.7,11.1,20.3,86
2025-08-10T08:00,20.8,0.00,0.00,1011.1,9.8,20.0,87
2025-08-10T09:00,20.7,0.00,0.00,1010.8,8.1,19.8,88
2025-08-10T10:00,20.6,0.00,0.00,1011.1,7.2,19.8,88
2025-08-10T11:00,20.5,0.00,0.00,1011.3,6.2,19.8,88
2025-08-10T12:00,20.5,0.00,0.00,1011.9,5.8,19.7,88
2025-08-10T13:00,21.5,0.00,0.00,1012.5,7.8,20.1,83
2025-08-10T14:00,22.9,0.00,0.00,1013.1,8.2,21.1,78
2025-08-10T15:00,24.4,0.00,0.00,1012.9,9.2,22.3,72
2025-08-10T16:00,25.7,0.00,0.00,1012.5,7.5,23.3,67
2025-08-10T17:00,26.6,0.00,0.00,1011.9,6.0,24.5,63
2025-08-10T18:00,28.0,0.00,0.00,1010.6,3.9,25.8,59
2025-08-10T19:00,28.5,0.00,0.00,1009.5,4.8,26.5,58
2025-08-10T20:00,28.6,0.00,0.00,1008.9,5.8,26.9,58
2025-08-10T21:00,28.3,0.00,0.00,1008.4,6.9,26.8,60
2025-08-10T22:00,28.1,0.00,0.00,1008.6,7.5,26.8,61
2025-08-10T23:00,27.6,0.00,0.00,1008.9,7.8,26.8,63
2025-08-11T00:00,26.3,0.00,0.00,1009.7,7.9,25.9,69
2025-08-11T01:00,24.8,0.00,0.00,1010.5,12.0,24.0,75
2025-08-11T02:00,23.6,0.00,0.00,1011.6,11.6,22.9,78
2025-08-11T03:00,22.8,0.00,0.00,1012.5,11.8,22.0,80
2025-08-11T04:00,22.2,0.00,0.00,1012.8,11.2,21.3,83
2025-08-11T05:00,21.8,0.00,0.00,1012.8,11.1,20.9,85
2025-08-11T06:00,21.4,0.00,0.00,1012.0,10.3,20.6,86
2025-08-11T07:00,21.3,0.00,0.00,1011.7,9.4,20.4,87
2025-08-11T08:00,21.2,0.00,0.00,1011.3,8.7,20.3,87
2025-08-11T09:00,21.1,0.00,0.00,1011.0,8.3,20.3,87
2025-08-11T10:00,21.2,0.00,0.00,1011.1,7.7,20.3,87
2025-08-11T11:00,21.2,0.00,0.00,1011.4,6.6,20.4,86
2025-08-11T12:00,21.2,0.00,0.00,1011.8,6.4,20.3,87
2025-08-11T13:00,21.9,0.00,0.00,1012.4,7.9,20.5,84
2025-08-11T14:00,23.0,0.00,0.00,1012.4,8.2,21.3,80
2025-08-11T15:00,24.4,0.00,0.00,1012.4,7.9,22.3,75
2025-08-11T16:00,25.6,0.00,0.00,1012.0,7.8,23.3,71
2025-08-11T17:00,26.8,0.00,0.00,1011.6,6.4,24.5,66
2025-08-11T18:00,27.5,0.00,0.00,1010.3,7.0,25.1,64
2025-08-11T19:00,28.4,0.00,0.00,1008.9,8.2,26.0,61
2025-08-11T20:00,28.6,0.00,0.00,1008.1,9.3,26.4,60
2025-08-11T21:00,28.3,0.00,0.00,1007.7,10.2,26.3,61
2025-08-11T22:00,27.2,0.00,0.00,1008.1,13.4,25.6,66
2025-08-11T23:00,25.6,0.00,0.00,1008.8,14.5,24.5,72
2025-08-12T00:00,24.4,0.00,0.00,1009.3,14.5,23.5,77
2025-08-12T01:00,23.3,0.00,0.00,1010.2,13.9,22.4,79
2025-08-12T02:00,22.4,0.00,0.00,1010.8,12.8,21.5,81
2025-08-12T03:00,21.9,0.00,0.00,1011.4,11.8,21.0,83
2025-08-12T04:00,21.5,0.00,0.00,1011.7,11.2,20.6,85
2025-08-12T05:00,21.2,0.00,0.00,1011.7,10.8,20.3,87
2025-08-12T06:00,21.1,0.00,0.00,1011.6,10.8,20.2,87
2025-08-12T07:00,21.0,0.00,0.00,1011.2,9.3,20.1,88
2025-08-12T08:00,20.9,0.00,0.00,1010.9,7.9,20.0,88
2025-08-12T09:00,20.8,0.00,0.00,1010.6,7.9,19.9,89
2025-08-12T10:00,20.9,0.00,0.00,1011.0,7.6,20.0,87
2025-08-12T11:00,20.8,0.00,0.00,1011.4,7.8,20.0,86
2025-08-12T12:00,21.0,0.00,0.00,1011.7,7.7,20.0,87
2025-08-12T13:00,21.6,0.00,0.00,1012.1,9.4,20.3,84
2025-08-12T14:00,22.8,0.00,0.00,1012.1,9.8,21.0,79
2025-08-12T15:00,24.3,0.00,0.00,1012.2,10.0,22.2,73
2025-08-12T16:00,25.6,0.00,0.00,1011.8,9.2,23.3,68
2025-08-12T17:00,27.1,0.00,0.00,1011.4,6.1,25.0,62
2025-08-12T18:00,27.2,0.00,0.00,1010.9,6.8,25.1,63
2025-08-12T19:00,28.0,0.00,0.00,1010.1,7.4,26.0,60
2025-08-12T20:00,28.4,0.00,0.00,1009.2,8.0,26.4,59
2025-08-12T21:00,28.4,0.00,0.00,1008.5,10.2,26.6,59
2025-08-12T22:00,27.3,0.00,0.00,1008.5,13.1,25.9,63
2025-08-12T23:00,25.6,0.00,0.00,1009.2,14.5,24.5,71
2025-08-13T00:00,24.2,0.00,0.00,1010.4,13.0,23.3,75
2025-08-13T01:00,23.1,0.00,0.00,1011.4,13.8,22.2,78
2025-08-13T02:00,22.1,0.00,0.00,1012.3,14.8,21.1,81
2025-08-13T03:00,21.5,0.00,0.00,1012.8,14.8,20.5,84
2025-08-13T04:00,21.2,0.00,0.00,1012.8,14.1,20.3,85
2025-08-13T05:00,21.1,0.00,0.00,1013.0,12.7,20.2,85
2025-08-13T06:00,21.2,0.00,0.00,1013.1,11.8,20.3,85
2025-08-13T07:00,21.0,0.00,0.00,1012.6,10.8,20.1,85
2025-08-13T08:00,20.8,0.00,0.00,1012.0,10.0,19.9,85
2025-08-13T09:00,20.7,0.00,0.00,1011.6,9.2,19.8,85
2025-08-13T10:00,20.5,0.00,0.00,1011.3,7.9,19.7,86
2025-08-13T11:00,20.3,0.00,0.00,1011.2,7.6,19.5,86
2025-08-13T12:00,20.3,0.00,0.00,1011.9,6.6,19.5,88
2025-08-13T13:00,21.2,0.00,0.00,1012.7,7.7,19.8,83
2025-08-13T14:00,22.6,0.00,0.00,1013.2,7.3,20.8,78
2025-08-13T15:00,24.2,0.00,0.00,1013.0,7.0,22.0,73
2025-08-13T16:00,25.7,0.00,0.00,1012.8,5.1,23.4,68
2025-08-13T17:00,27.3,0.00,0.00,1012.2,4.6,25.0,62
2025-08-13T18:00,28.3,0.00,0.00,1011.3,3.4,25.9,59
2025-08-13T19:00,28.9,0.00,0.00,1010.5,4.5,26.7,57
2025-08-13T20:00,29.1,0.00,0.00,1009.6,6.6,27.1,58
2025-08-13T21:00,28.8,0.00,0.00,1008.9,8.8,27.0,59
2025-08-13T22:00,28.3,0.00,0.00,1008.8,10.2,26.8,61
2025-08-13T23:00,26.9,0.00,0.00,1009.4,13.4,25.9,67
2025-08-14T00:00,24.8,0.00,0.00,1010.4,14.1,23.9,78
2025-08-14T01:00,23.6,0.00,0.00,1011.5,12.0,22.8,80
2025-08-14T02:00,22.9,0.00,0.00,1012.4,12.0,22.1,82
2025-08-14T03:00,22.2,0.00,0.00,1012.7,11.7,21.4,83
2025-08-14T04:00,21.8,0.00,0.00,1013.0,12.5,20.9,85
2025-08-14T05:00,21.4,0.00,0.00,1013.1,13.0,20.5,87
2025-08-14T06:00,21.3,0.00,0.00,1012.6,12.0,20.4,87
2025-08-14T07:00,21.1,0.10,0.00,1012.3,11.8,20.2,88
2025-08-14T08:00,21.0,0.10,0.00,1011.6,11.5,20.1,88
2025-08-14T09:00,20.9,0.10,0.00,1011.7,10.5,20.1,87
2025-08-14T10:00,20.7,0.00,0.00,1011.7,9.3,20.0,87
2025-08-14T11:00,20.5,0.00,0.00,1012.3,8.1,19.8,88
2025-08-14T12:00,20.6,0.00,0.00,1013.0,7.2,19.9,89
2025-08-14T13:00,21.5,0.00,0.00,1013.2,8.5,20.1,85
2025-08-14T14:00,22.9,0.00,0.00,1013.9,8.4,21.0,79
2025-08-14T15:00,24.4,0.00,0.00,1013.4,7.4,22.2,75
2025-08-14T16:00,25.8,0.00,0.00,1013.2,7.0,23.4,70
2025-08-14T17:00,26.9,0.00,0.00,1012.4,6.4,24.4,66
2025-08-14T18:00,27.5,0.00,0.00,1011.6,5.6,25.3,65
2025-08-14T19:00,28.2,0.00,0.00,1010.5,5.1,26.2,62
2025-08-14T20:00,28.6,0.00,0.00,1009.7,5.7,26.8,61
2025-08-14T21:00,28.6,0.00,0.00,1009.2,6.4,27.0,61
2025-08-14T22:00,28.1,0.00,0.00,1009.6,8.9,26.9,63
2025-08-14T23:00,26.7,0.00,0.00,1010.0,11.6,25.9,69
2025-08-15T00:00,25.2,0.00,0.00,1010.9,12.5,24.6,76
2025-08-15T01:00,24.0,0.00,0.00,1012.2,11.2,23.4,79
2025-08-15T02:00,23.0,0.00,0.00,1013.2,10.9,22.3,82
2025-08-15T03:00,22.2,0.00,0.00,1013.6,11.8,21.4,84
2025-08-15T04:00,21.7,0.00,0.00,1013.7,11.5,20.8,85
2025-08-15T05:00,21.3,0.00,0.00,1014.1,10.7,20.4,86
2025-08-15T06:00,20.9,0.00,0.00,1013.9,10.9,19.9,86
2025-08-15T07:00,20.8,0.00,0.00,1013.8,10.2,19.8,85
2025-08-15T08:00,20.6,0.20,0.00,1013.3,10.2,19.7,85
2025-08-15T09:00,20.5,0.00,0.00,1013.2,10.3,19.6,85
2025-08-15T10:00,20.5,0.00,0.00,1013.4,9.7,19.6,84
2025-08-15T11:00,20.4,0.00,0.00,1013.7,9.2,19.5,85
2025-08-15T12:00,20.3,0.00,0.00,1014.0,8.6,19.4,87
2025-08-15T13:00,21.0,0.00,0.00,1014.8,9.7,19.7,85
2025-08-15T14:00,22.0,0.00,0.00,1015.4,10.2,20.3,81
2025-08-15T15:00,23.2,0.00,0.00,1015.3,11.1,21.3,77
2025-08-15T16:00,24.3,0.00,0.00,1014.8,10.8,22.1,73
2025-08-15T17:00,25.4,0.00,0.00,1014.1,10.1,23.1,70
2025-08-15T18:00,25.9,0.00,0.00,1013.2,8.4,23.7,68
2025-08-15T19:00,26.4,0.00,0.00,1012.0,8.0,24.6,66
2025-08-15T20:00,26.4,0.00,0.00,1011.3,9.4,24.6,67
2025-08-15T21:00,25.8,0.00,0.00,1011.2,11.2,24.3,70
2025-08-15T22:00,25.1,0.00,0.00,1011.6,10.7,23.8,72
2025-08-15T23:00,24.5,0.00,0.00,1012.4,10.0,23.6,74
2025-08-16T00:00,23.5,0.00,0.00,1012.7,10.0,22.9,78
2025-08-16T01:00,22.6,0.00,0.00,1013.6,10.5,21.8,80
2025-08-16T02:00,21.8,0.00,0.00,1014.2,9.2,21.1,82
2025-08-16T03:00,21.3,0.00,0.00,1014.6,9.1,20.6,85
2025-08-16T04:00,21.0,0.00,0.00,1015.1,8.7,20.3,85
2025-08-16T05:00,20.8,0.00,0.00,1015.3,7.6,20.0,86
2025-08-16T06:00,20.6,0.00,0.00,1015.1,6.6,19.9,87
2025-08-16T07:00,20.5,0.00,0.00,1014.5,6.3,19.7,87
2025-08-16T08:00,20.5,0.00,0.00,1013.9,6.1,19.6,87
2025-08-16T09:00,20.4,0.00,0.00,1013.4,6.2,19.6,88
2025-08-16T10:00,20.4,0.00,0.00,1013.4,6.1,19.6,88
2025-08-16T11:00,20.4,0.00,0.00,1013.9,5.9,19.6,88
2025-08-16T12:00,20.5,0.00,0.00,1014.4,5.7,19.6,89
2025-08-16T13:00,21.2,0.00,0.00,1014.6,7.6,19.9,87
2025-08-16T14:00,22.2,0.00,0.00,1015.0,8.0,20.6,84
2025-08-16T15:00,23.3,0.00,0.00,1014.5,9.7,21.5,81
2025-08-16T16:00,24.3,0.00,0.00,1014.4,10.2,22.2,78
2025-08-16T17:00,24.9,0.00,0.00,1013.6,10.0,22.9,76
2025-08-16T18:00,25.8,0.00,0.00,1012.8,9.3,24.1,71
2025-08-16T19:00,25.9,0.00,0.00,1011.6,10.5,24.1,72
2025-08-16T20:00,26.2,0.00,0.00,1010.8,12.0,24.4,71
2025-08-16T21:00,25.7,0.00,0.00,1010.1,12.5,24.0,73
2025-08-16T22:00,25.3,0.00,0.00,1010.1,11.7,23.9,75
2025-08-16T23:00,24.5,0.00,0.00,1010.7,11.0,23.5,78
2025-08-17T00:00,23.8,0.00,0.00,1010.8,9.4,23.2,82
2025-08-17T01:00,22.9,0.00,0.00,1012.0,9.9,22.2,84
2025-08-17T02:00,22.2,0.00,0.00,1012.7,9.9,21.5,86
2025-08-17T03:00,21.6,0.00,0.00,1013.2,9.8,20.8,87
2025-08-17T04:00,21.2,0.00,0.00,1013.6,10.7,20.4,89
2025-08-17T05:00,20.9,0.00,0.00,1013.5,9.4,20.1,90
2025-08-17T06:00,20.8,0.00,0.00,1013.4,8.1,20.0,90
2025-08-17T07:00,20.7,0.00,0.00,1013.0,7.8,19.9,90
2025-08-17T08:00,20.7,0.00,0.00,1012.8,7.4,19.9,89
2025-08-17T09:00,20.6,0.00,0.00,1012.3,7.6,19.8,89
2025-08-17T10:00,20.6,0.00,0.00,1012.5,7.6,19.8,88
2025-08-17T11:00,20.5,0.00,0.00,1013.0,7.9,19.7,88
2025-08-17T12:00,20.4,0.00,0.00,1013.2,7.9,19.5,88
2025-08-17T13:00,21.0,0.00,0.00,1013.7,8.0,19.8,86
2025-08-17T14:00,22.2,0.00,0.00,1013.7,8.2,20.5,83
2025-08-17T15:00,23.4,0.00,0.00,1013.7,8.6,21.6,79
2025-08-17T16:00,24.7,0.00,0.00,1013.4,7.6,22.6,75
2025-08-17T17:00,26.1,0.00,0.00,1012.6,6.4,24.1,70
2025-08-17T18:00,27.2,0.00,0.00,1011.8,6.3,25.4,65
2025-08-17T19:00,27.2,0.00,0.00,1010.6,7.2,25.5,66
2025-08-17T20:00,27.3,0.00,0.00,1009.8,8.7,25.5,66
2025-08-17T21:00,27.1,0.00,0.00,1008.9,10.1,25.3,67
2025-08-17T22:00,26.4,0.00,0.00,1009.3,11.4,25.0,69
2025-08-17T23:00,25.2,0.00,0.00,1009.4,12.2,24.2,74
2025-08-18T00:00,24.6,0.00,0.00,1010.0,11.0,23.9,78
2025-08-18T01:00,23.4,0.00,0.00,1010.7,10.5,22.8,81
2025-08-18T02:00,22.7,0.00,0.00,1011.4,9.2,22.1,83
2025-08-18T03:00,22.1,0.00,0.00,1012.1,9.4,21.4,85
2025-08-18T04:00,21.6,0.00,0.00,1012.4,9.9,20.8,87
2025-08-18T05:00,21.1,0.00,0.00,1012.7,10.2,20.4,88
2025-08-18T06:00,20.9,0.00,0.00,1012.1,8.4,20.1,90
2025-08-18T07:00,20.7,0.00,0.00,1011.9,7.7,19.9,90
2025-08-18T08:00,20.5,0.00,0.00,1011.2,7.0,19.7,91
2025-08-18T09:00,20.4,0.00,0.00,1011.1,7.1,19.7,91
2025-08-18T10:00,20.5,0.00,0.00,1011.3,7.1,19.7,90
2025-08-18T11:00,20.5,0.00,0.00,1012.0,7.6,19.8,90
2025-08-18T12:00,20.8,0.00,0.00,1012.6,7.1,19.9,91
2025-08-18T13:00,21.5,0.00,0.00,1013.1,8.2,20.2,87
2025-08-18T14:00,22.6,0.00,0.00,1013.4,7.6,20.9,83
2025-08-18T15:00,23.7,0.00,0.00,1013.2,7.4,21.8,79
2025-08-18T16:00,25.1,0.00,0.00,1012.7,6.2,22.9,74
2025-08-18T17:00,26.6,0.00,0.00,1011.9,2.4,24.6,67
2025-08-18T18:00,27.5,0.00,0.00,1011.3,2.5,25.3,65
2025-08-18T19:00,28.4,0.00,0.00,1010.4,4.3,26.3,60
2025-08-18T20:00,28.5,0.00,0.00,1009.3,6.5,26.6,60
2025-08-18T21:00,28.0,0.00,0.00,1008.6,8.3,26.5,63
2025-08-18T22:00,27.3,0.00,0.00,1008.4,10.9,25.9,66
2025-08-18T23:00,25.5,0.00,0.00,1008.6,13.1,24.4,74
2025-08-19T00:00,23.5,0.00,0.00,1009.8,13.8,22.6,82
2025-08-19T01:00,22.7,0.00,0.00,1010.6,12.3,21.8,83
2025-08-19T02:00,22.2,0.00,0.00,1011.6,10.2,21.4,85
2025-08-19T03:00,21.8,0.00,0.00,1011.8,9.4,21.0,86
2025-08-19T04:00,21.5,0.00,0.00,1012.0,9.4,20.6,87
2025-08-19T05:00,21.1,0.00,0.00,1011.7,8.9,20.3,88
2025-08-19T06:00,20.8,0.00,0.00,1011.3,8.7,19.9,89
2025-08-19T07:00,20.6,0.00,0.00,1011.2,8.4,19.8,90
2025-08-19T08:00,20.6,0.00,0.00,1011.2,7.7,19.7,90
2025-08-19T09:00,20.6,0.00,0.00,1011.4,7.5,19.7,90
2025-08-19T10:00,20.5,0.00,0.00,1011.8,7.3,19.6,89
2025-08-19T11:00,20.5,0.00,0.00,1012.0,7.7,19.6,89
2025-08-19T12:00,20.3,0.00,0.00,1012.0,7.4,19.4,89
2025-08-19T13:00,21.0,0.00,0.00,1012.6,8.7,19.7,86
2025-08-19T14:00,22.2,0.00,0.00,1013.3,9.2,20.4,82
2025-08-19T15:00,23.6,0.00,0.00,1013.8,8.4,21.5,77
2025-08-19T16:00,24.9,0.00,0.00,1013.3,6.2,22.7,73
2025-08-19T17:00,25.9,0.00,0.00,1012.2,5.2,23.9,68
2025-08-19T18:00,27.2,0.00,0.00,1011.0,5.8,25.2,65
2025-08-19T19:00,27.8,0.00,0.00,1009.8,6.8,25.9,63
2025-08-19T20:00,27.8,0.00,0.00,1009.1,8.4,25.9,64
2025-08-19T21:00,27.3,0.00,0.00,1008.6,9.5,25.8,67
2025-08-19T22:00,26.7,0.00,0.00,1008.9,10.9,25.4,70
2025-08-19T23:00,25.6,0.00,0.00,1009.5,12.8,24.6,74
